TEAM ID,TIME,ALTITUDE,TEMP INSIDE,TEMP OUTSIDE,VOLTAGE,FLIGHT STATE,ACCELX,ACCELY,ACCELZ,GYROX,GYROY,GYROZ
1171,1,499.20,29.30,304,6.40,4,496.00,.00,16316.00,-109.00,-103.00,-237.00
1171,1,502.34,32.90,341,6.40,4,-2328.00,5280.00,15004.00,-2269.00,-286.00,688.00
1171,2,502.34,32.90,342,6.40,4,-1084.00,2976.00,15536.00,-970.00,-756.00,2354.00
1171,3,501.82,32.90,343,6.40,1,68.00,1876.00,15868.00,-48.00,-678.00,323.00
1171,4,501.82,32.90,342,6.40,1,-548.00,1724.00,15984.00,109.00,-185.00,-120.00
1171,5,501.82,32.90,342,6.40,1,132.00,2412.00,16300.00,-186.00,252.00,-408.00
1171,6,502.08,32.90,343,6.40,1,-1208.00,2604.00,16252.00,-1189.00,93.00,819.00
1171,7,501.30,32.90,343,6.40,1,-32.00,2540.00,16580.00,70.00,-180.00,-1128.00
1171,8,502.52,32.90,343,6.40,1,-1556.00,3284.00,15900.00,1424.00,419.00,-4480.00
1171,9,502.08,32.90,344,6.40,1,-2024.00,5336.00,15788.00,644.00,894.00,753.00
1171,10,501.30,32.90,344,6.40,1,-2136.00,5760.00,13860.00,513.00,-1190.00,1247.00
1171,11,501.56,32.90,344,6.40,1,3280.00,5528.00,14716.00,-4132.00,770.00,-3026.00
1171,12,501.82,32.90,344,6.40,1,2064.00,8564.00,16016.00,-487.00,-299.00,-2255.00
1171,13,501.82,32.90,344,6.40,1,-3896.00,6624.00,14272.00,-150.00,319.00,-554.00
1171,14,501.65,32.90,344,6.40,1,3168.00,1488.00,14024.00,-3002.00,-1900.00,9079.00
1171,15,502.34,32.90,344,6.40,1,2512.00,580.00,16724.00,330.00,-809.00,34.00
1171,16,501.39,32.90,344,6.40,1,2704.00,-696.00,16168.00,-5.00,-17.00,-842.00
1171,17,501.39,32.90,344,6.40,1,-440.00,-4360.00,15964.00,-1177.00,-858.00,1112.00
1171,18,502.17,32.90,344,6.40,1,-600.00,-5512.00,15652.00,1054.00,-195.00,-5378.00
1171,19,501.65,32.90,344,6.40,1,1196.00,3740.00,13604.00,7801.00,6332.00,-23500.00
1171,20,502.34,32.90,344,6.40,1,-9196.00,1700.00,12844.00,-777.00,-231.00,-1535.00
1171,21,501.65,33.00,344,6.40,1,-7176.00,1008.00,15108.00,-388.00,-118.00,-705.00
1171,22,501.91,33.00,344,6.40,1,-372.00,3740.00,13068.00,-4439.00,-5613.00,27589.00
1171,23,501.91,33.00,344,6.40,1,7848.00,2220.00,13324.00,623.00,-215.00,-4577.00
1171,24,502.34,33.00,344,6.40,1,-5104.00,8644.00,11452.00,3437.00,3843.00,-3942.00
1171,25,501.91,33.00,344,6.40,1,1584.00,12032.00,15108.00,6447.00,-1982.00,-5756.00
1171,26,501.65,33.00,345,6.40,1,3008.00,15296.00,5812.00,1058.00,2850.00,1129.00
1171,27,502.17,33.00,345,6.40,1,4116.00,15132.00,-4240.00,3846.00,462.00,-2829.00
1171,28,502.00,33.00,345,6.40,1,5072.00,13720.00,-9380.00,-270.00,-505.00,693.00
1171,29,502.00,33.10,345,6.40,1,6216.00,11188.00,-11372.00,-997.00,-1571.00,-551.00
1171,30,502.26,33.10,345,6.40,1,5924.00,10924.00,-11540.00,-1202.00,-820.00,917.00
1171,31,502.00,33.10,345,6.40,1,6472.00,9588.00,-11456.00,692.00,1387.00,-1591.00
1171,32,501.73,33.10,345,6.40,1,4672.00,9928.00,-13888.00,49.00,3.00,-1615.00
1171,33,501.56,33.10,346,6.40,1,3728.00,9292.00,-13180.00,-349.00,-806.00,-2808.00
1171,34,501.30,33.20,345,6.40,1,2340.00,11908.00,-12192.00,-449.00,-859.00,43.00
1171,35,501.56,33.20,346,6.40,1,1704.00,12000.00,-12432.00,998.00,1211.00,1100.00
1171,36,501.04,33.20,346,6.40,1,2772.00,13728.00,-12216.00,-2541.00,-1213.00,-3220.00
1171,37,501.56,33.20,346,6.40,1,7872.00,11072.00,-8672.00,1982.00,-2025.00,710.00
1171,38,501.56,33.20,346,6.40,1,9724.00,9900.00,-8860.00,213.00,-1316.00,2586.00
1171,39,501.65,33.30,346,6.40,1,10216.00,5560.00,-9324.00,1899.00,-993.00,2112.00
1171,40,501.39,33.30,346,6.40,1,13024.00,7068.00,-7320.00,-826.00,-544.00,-330.00
1171,41,501.91,33.30,346,6.40,1,14200.00,4480.00,-2004.00,588.00,1279.00,562.00
1171,42,501.65,33.30,347,6.40,1,15992.00,3720.00,-1208.00,-3176.00,-1539.00,75.00
1171,43,501.21,33.30,347,6.40,1,15780.00,1680.00,-4200.00,638.00,5.00,-1555.00
1171,44,501.12,33.30,347,6.40,1,15516.00,3404.00,-8072.00,699.00,-1513.00,-2666.00
1171,45,501.73,33.30,347,6.40,1,16076.00,2340.00,-3516.00,-33.00,-1951.00,-49.00
1171,46,501.73,33.40,347,6.40,1,14052.00,3556.00,-9100.00,814.00,-4625.00,-3435.00
1171,47,500.69,33.40,347,6.40,1,4372.00,2864.00,-15216.00,2882.00,-4581.00,-603.00
1171,48,499.20,33.40,347,6.40,1,-60.00,816.00,-21564.00,-755.00,-1017.00,-427.00
1171,49,501.21,33.40,348,6.40,1,312.00,1612.00,-16364.00,-12.00,-330.00,229.00
1171,50,500.16,33.40,348,6.40,1,1252.00,164.00,-16304.00,500.00,190.00,-1561.00
1171,51,501.21,33.40,348,6.40,1,1104.00,700.00,-16292.00,335.00,-421.00,2326.00
1171,52,500.77,33.50,348,6.40,1,220.00,172.00,-16360.00,105.00,-270.00,1017.00
1171,53,501.30,33.50,348,6.40,1,1212.00,-560.00,-16216.00,62.00,-74.00,602.00
1171,54,500.77,33.50,348,6.40,1,1168.00,-88.00,-16312.00,-69.00,-266.00,787.00
1171,55,500.25,33.50,348,6.40,1,740.00,-124.00,-16240.00,-52.00,-13.00,-584.00
1171,56,500.77,33.50,348,6.40,1,1344.00,-104.00,-16172.00,139.00,-177.00,-116.00
1171,57,501.56,33.50,348,6.40,1,988.00,-444.00,-16236.00,-358.00,-284.00,-769.00
1171,58,499.99,33.60,348,6.40,1,976.00,240.00,-16224.00,16.00,-192.00,-177.00
1171,59,501.65,33.60,348,6.40,1,784.00,52.00,-16216.00,-140.00,-269.00,14.00
1171,60,500.86,33.60,348,6.40,1,988.00,-496.00,-16396.00,-121.00,-149.00,-1074.00
1171,61,501.39,33.60,348,6.40,1,596.00,-168.00,-16224.00,-86.00,-2.00,1417.00
1171,62,490.03,33.60,348,6.40,1,1396.00,476.00,-16312.00,297.00,-242.00,-2741.00
1171,63,501.91,33.60,349,6.40,1,852.00,108.00,-16740.00,-332.00,-94.00,733.00
1171,64,500.86,33.70,349,6.40,1,904.00,-104.00,-16364.00,-243.00,-104.00,-690.00
1171,65,501.12,33.70,349,6.40,1,192.00,240.00,-16472.00,383.00,93.00,1328.00
1171,66,500.95,33.70,349,6.40,1,-220.00,-1956.00,-17116.00,-526.00,12.00,569.00
1171,67,501.73,33.70,351,6.40,1,2176.00,-1164.00,-15068.00,-41.00,-142.00,-307.00
1171,68,502.00,33.70,349,6.40,1,1324.00,-1860.00,-15300.00,-900.00,-127.00,4385.00
1171,69,502.26,33.70,349,6.40,1,2532.00,-1840.00,-15452.00,-41.00,-136.00,2418.00
1171,70,500.95,33.80,348,6.40,1,1576.00,-2104.00,-16492.00,844.00,838.00,-4471.00
1171,71,501.73,33.80,349,6.40,1,3856.00,-3000.00,-16848.00,-209.00,2338.00,3958.00
1171,72,501.30,33.80,349,6.40,1,5628.00,-452.00,-14324.00,-1357.00,37.00,189.00
1171,73,501.56,33.80,348,6.40,1,5108.00,-1984.00,-15668.00,322.00,1393.00,612.00
1171,74,502.08,33.80,349,6.40,1,7492.00,684.00,-13920.00,-1426.00,-1712.00,590.00
1171,75,501.56,33.80,349,6.40,1,4128.00,-464.00,-12764.00,-415.00,39.00,1894.00
1171,76,501.04,33.90,349,6.40,1,8280.00,552.00,-14212.00,-3539.00,1347.00,-190.00
1171,77,502.87,33.90,349,6.40,1,9732.00,1312.00,-18340.00,-1027.00,1603.00,73.00
1171,78,501.65,33.90,350,6.40,1,9848.00,1284.00,-16456.00,-245.00,3516.00,625.00
1171,79,502.17,33.90,350,6.40,1,10568.00,2340.00,-14760.00,-948.00,79.00,2893.00
1171,80,501.91,33.90,350,6.40,1,7412.00,-1144.00,-12084.00,-495.00,-1760.00,2057.00
1171,81,501.65,34.00,350,6.40,1,6220.00,-1260.00,-8952.00,417.00,-366.00,-949.00
1171,82,501.39,34.00,350,6.40,1,6752.00,-444.00,-12296.00,-688.00,-1302.00,858.00
1171,83,500.95,34.00,350,6.40,1,7164.00,-1940.00,-15288.00,731.00,-216.00,-4948.00
1171,84,502.43,34.00,350,6.40,1,7836.00,-2440.00,-16768.00,935.00,786.00,264.00
1171,85,501.47,34.00,350,6.40,1,8296.00,-1736.00,-19040.00,2678.00,634.00,-269.00
1171,86,500.95,34.00,350,6.40,1,10084.00,760.00,-18556.00,-150.00,-1770.00,5964.00
1171,87,501.21,34.10,350,6.40,1,9128.00,-2848.00,-15096.00,136.00,-243.00,4367.00
1171,88,502.08,34.10,350,6.40,1,2120.00,-2964.00,-17992.00,-558.00,-306.00,11539.00
1171,89,501.82,34.10,350,6.40,1,852.00,-2788.00,-14452.00,-3288.00,2096.00,1932.00
1171,90,500.77,34.10,350,6.40,1,76.00,-776.00,-17128.00,-566.00,111.00,2193.00
1171,91,501.56,34.10,350,6.40,1,4152.00,2592.00,-16000.00,-41.00,26.00,-428.00
1171,92,501.04,34.20,351,6.40,1,972.00,176.00,-16180.00,100.00,-143.00,-375.00
1171,93,500.25,34.20,351,6.40,1,1860.00,-116.00,-16324.00,114.00,-244.00,-430.00
1171,94,500.07,34.20,351,6.40,1,1312.00,-356.00,-16224.00,-92.00,-41.00,-188.00
1171,95,501.39,34.20,351,6.40,1,1344.00,-324.00,-16300.00,12.00,-119.00,-281.00
1171,96,501.65,34.30,351,6.40,1,1688.00,344.00,-16236.00,-80.00,-47.00,-310.00
1171,97,501.39,34.30,351,6.40,1,1452.00,-272.00,-16268.00,-75.00,-40.00,-243.00
1171,98,501.21,34.30,351,6.40,1,1524.00,216.00,-16360.00,-99.00,-95.00,-374.00
1171,99,501.21,34.30,351,6.40,1,1508.00,-608.00,-16220.00,246.00,-184.00,-43.00
1171,100,501.73,34.40,351,6.40,1,1468.00,-604.00,-16304.00,92.00,9.00,-476.00
1171,101,501.73,34.40,351,6.40,1,1308.00,-364.00,-16256.00,-354.00,-486.00,-275.00
1171,102,502.52,34.40,351,6.40,1,668.00,-356.00,-16232.00,22.00,-238.00,-156.00
1171,103,501.56,34.40,351,6.40,1,1100.00,228.00,-16200.00,412.00,-262.00,-322.00
1171,104,501.56,34.50,351,6.40,1,1040.00,548.00,-16260.00,-1026.00,-328.00,-559.00
1171,105,501.30,34.50,351,6.40,1,140.00,-1124.00,-16276.00,176.00,-213.00,-296.00
1171,106,500.60,34.50,351,6.40,1,992.00,372.00,-16344.00,-462.00,-305.00,-263.00
1171,107,501.12,34.60,352,6.40,1,436.00,-456.00,-16316.00,-5.00,-46.00,-481.00
1171,108,500.60,34.60,352,6.40,1,252.00,44.00,-16328.00,-59.00,-159.00,-418.00
1171,109,500.86,34.60,352,6.40,1,-28.00,-304.00,-16296.00,-177.00,-452.00,-342.00
1171,110,500.69,34.60,352,6.40,1,-272.00,256.00,-16248.00,-330.00,31.00,-640.00
1171,111,500.95,34.70,352,6.40,1,1336.00,-1012.00,-15492.00,1994.00,-918.00,-1415.00
1171,112,500.95,34.70,352,6.40,1,-544.00,-2116.00,-16184.00,91.00,-244.00,-160.00
1171,113,501.73,34.70,352,6.40,1,12.00,-1724.00,-16336.00,-758.00,438.00,-508.00
1171,114,501.56,34.70,352,6.40,1,-548.00,-336.00,-16204.00,14.00,-174.00,-299.00
1171,115,501.04,34.80,352,6.40,1,-204.00,-804.00,-16292.00,-328.00,-180.00,-300.00
1171,116,502.08,34.80,352,6.40,1,-752.00,-660.00,-16328.00,198.00,-719.00,-299.00
1171,117,501.30,34.80,352,6.40,1,780.00,-24.00,-16360.00,-52.00,11.00,-323.00
1171,118,501.39,34.90,352,6.40,1,112.00,-388.00,-16192.00,203.00,-121.00,-214.00
1171,119,501.65,34.90,352,6.40,1,916.00,-388.00,-16400.00,-207.00,-100.00,-430.00
1171,120,501.65,34.90,352,6.40,1,780.00,572.00,-16308.00,0.00,-38.00,-234.00
1171,121,502.00,34.90,353,6.40,1,648.00,-156.00,-16232.00,47.00,40.00,-362.00
1171,122,501.73,35.00,353,6.40,1,916.00,-280.00,-16212.00,289.00,186.00,-104.00
1171,123,501.47,35.00,353,6.40,1,1448.00,-948.00,-16104.00,115.00,421.00,-138.00
1171,124,501.47,35.00,353,6.40,1,292.00,-944.00,-16364.00,-347.00,-951.00,-1026.00
1171,125,501.56,35.10,353,6.40,1,324.00,-1116.00,-16172.00,-116.00,-408.00,-323.00
1171,126,502.34,35.10,353,6.40,1,-260.00,-1144.00,-16296.00,281.00,-943.00,-109.00
1171,127,501.30,35.10,353,6.40,1,436.00,-876.00,-16268.00,-260.00,173.00,-628.00
1171,128,502.34,35.10,353,6.40,1,1100.00,2044.00,-15576.00,-283.00,1217.00,1237.00
1171,129,501.65,35.20,353,6.40,1,580.00,-208.00,-16256.00,8.00,-25.00,-238.00
1171,130,501.39,35.20,353,6.40,1,700.00,-352.00,-16316.00,-337.00,38.00,-508.00
1171,131,501.12,35.20,353,6.40,1,612.00,-240.00,-16304.00,-40.00,-139.00,-257.00
1171,132,501.73,35.30,353,6.40,1,1216.00,-1200.00,-16356.00,-598.00,357.00,-655.00
1171,133,501.73,35.30,354,6.40,1,1412.00,-276.00,-16236.00,-252.00,-257.00,-305.00
1171,134,501.73,35.30,354,6.40,1,832.00,-648.00,-16284.00,-17.00,-166.00,-180.00
1171,135,501.56,35.40,354,6.40,1,864.00,-900.00,-16416.00,132.00,-8.00,-308.00
1171,136,501.82,35.40,354,6.40,1,1148.00,-344.00,-16324.00,-129.00,-33.00,-256.00
1171,137,501.82,35.40,354,6.40,1,940.00,-652.00,-16204.00,-152.00,16.00,-207.00
1171,138,501.82,35.50,354,6.40,1,1168.00,-280.00,-16248.00,-21.00,-23.00,-381.00
1171,139,501.39,35.50,354,6.40,1,1612.00,-820.00,-16268.00,-148.00,143.00,-131.00
1171,140,500.86,35.50,354,6.40,1,1548.00,-644.00,-16292.00,-65.00,-263.00,-271.00
1171,141,501.39,35.60,354,6.40,1,1520.00,-272.00,-16196.00,-47.00,-106.00,-430.00
1171,142,500.86,35.60,354,6.40,1,1592.00,-308.00,-16200.00,-6.00,-132.00,-194.00
1171,143,500.16,35.60,354,6.40,1,1324.00,-808.00,-16320.00,24.00,-51.00,-249.00
1171,144,501.73,35.60,355,6.40,1,1516.00,-636.00,-16204.00,-47.00,-96.00,-372.00
1171,145,501.21,35.70,355,6.40,1,1348.00,-768.00,-16352.00,-49.00,-142.00,-259.00
1171,146,501.30,35.70,355,6.40,1,1328.00,-900.00,-16308.00,20.00,-72.00,-277.00
1171,147,501.04,35.80,355,6.40,1,1480.00,-332.00,-16052.00,-87.00,-25.00,-290.00
1171,148,500.25,35.80,355,6.40,1,1384.00,-692.00,-16244.00,4.00,-128.00,-264.00
1171,149,500.86,35.80,355,6.40,1,1608.00,-524.00,-16284.00,-91.00,-72.00,-380.00
1171,150,500.86,35.90,355,6.40,1,1308.00,-720.00,-16180.00,-33.00,-142.00,-231.00
1171,151,500.86,35.90,355,6.40,1,1388.00,-824.00,-16284.00,16.00,-79.00,-232.00
1171,152,500.60,35.90,355,6.40,1,1340.00,-496.00,-16220.00,-152.00,-96.00,-334.00
1171,153,501.21,35.90,355,6.40,1,1448.00,-680.00,-16324.00,-5.00,-125.00,-231.00
1171,154,500.95,36.00,355,6.40,1,1380.00,-484.00,-16368.00,-90.00,-163.00,-289.00
1171,155,501.47,36.00,355,6.40,1,1512.00,-408.00,-16316.00,-165.00,18.00,-397.00
1171,156,500.77,36.00,356,6.40,1,1208.00,-528.00,-16272.00,39.00,-291.00,-288.00
1171,157,501.30,36.10,356,6.40,1,1532.00,-856.00,-16280.00,-53.00,-2.00,-333.00
1171,158,500.77,36.10,356,6.40,1,1636.00,-56.00,-16288.00,-54.00,-112.00,-365.00
1171,159,501.39,36.10,356,6.40,1,1288.00,-580.00,-16260.00,46.00,-49.00,-265.00
1171,160,501.12,36.20,356,6.40,1,1732.00,-568.00,-16244.00,-30.00,-155.00,-344.00
1171,161,501.39,36.20,356,6.40,1,1556.00,-536.00,-16228.00,17.00,-151.00,-233.00
1171,162,501.12,36.20,356,6.40,1,1440.00,-924.00,-16112.00,-109.00,-115.00,-346.00
1171,163,500.95,36.30,356,6.40,1,1472.00,-648.00,-16136.00,-115.00,-160.00,-345.00
1171,164,501.47,36.30,356,6.40,1,2004.00,-288.00,-16176.00,30.00,42.00,-167.00
1171,165,501.47,36.30,356,6.40,1,1632.00,-1060.00,-16160.00,-40.00,168.00,-286.00
1171,166,500.77,36.40,357,6.40,1,1780.00,-904.00,-16128.00,-152.00,-55.00,-356.00
1171,167,501.04,36.40,357,6.40,1,1828.00,-612.00,-16196.00,-52.00,-101.00,-252.00
1171,168,500.25,36.40,357,6.40,1,1668.00,-640.00,-16200.00,-4.00,-102.00,-291.00
1171,169,500.60,36.50,357,6.40,1,1980.00,-388.00,-16216.00,-177.00,14.00,-309.00
1171,170,501.39,36.50,357,6.40,1,1840.00,-616.00,-16272.00,-87.00,-143.00,-250.00
1171,171,500.86,36.50,357,6.40,1,1784.00,-844.00,-16188.00,-16.00,-32.00,-284.00
1171,172,501.47,36.60,357,6.40,1,1996.00,-444.00,-16144.00,-134.00,-279.00,-354.00
1171,173,500.95,36.60,357,6.40,1,1412.00,-556.00,-16156.00,-140.00,-146.00,-207.00
1171,174,500.69,36.60,357,6.40,1,1316.00,-684.00,-16192.00,-100.00,-177.00,-297.00
1171,175,501.30,36.70,357,6.40,1,1108.00,-1140.00,-16368.00,4.00,-654.00,-357.00
1171,176,501.82,36.70,358,6.40,1,1568.00,-396.00,-16192.00,79.00,-195.00,-323.00
1171,177,501.56,36.70,358,6.40,1,972.00,-816.00,-16260.00,-21.00,-211.00,-289.00
1171,178,501.56,36.80,358,6.40,1,1372.00,-688.00,-16384.00,-55.00,-51.00,-349.00
1171,179,501.12,36.80,358,6.40,1,1164.00,-600.00,-16292.00,-182.00,-89.00,-230.00
1171,180,501.12,36.80,358,6.40,1,924.00,-692.00,-16328.00,-72.00,-119.00,-275.00
1171,181,501.12,36.90,358,6.40,1,1308.00,-468.00,-16352.00,-63.00,-145.00,-325.00
1171,182,500.69,36.90,358,6.40,1,1048.00,-416.00,-16172.00,-102.00,-71.00,-246.00
1171,183,499.90,36.90,358,6.40,1,1112.00,-904.00,-16272.00,-25.00,-109.00,-320.00
1171,184,500.69,37.00,350,6.40,1,1232.00,-412.00,-16220.00,-101.00,-118.00,-350.00
1171,185,501.04,37.00,359,6.40,1,1356.00,-100.00,-16292.00,-42.00,-83.00,-264.00
1171,186,501.04,37.00,359,6.40,1,1052.00,-852.00,-16216.00,26.00,-135.00,-273.00
1171,187,500.77,37.10,359,6.40,1,1156.00,-732.00,-16168.00,329.00,60.00,-309.00
1171,188,501.12,37.10,359,6.40,1,1928.00,-1532.00,-16124.00,227.00,89.00,-196.00
1171,189,501.12,37.10,359,6.40,1,1368.00,-1632.00,-15932.00,-38.00,-385.00,-34.00
1171,190,501.39,37.20,359,6.40,1,5084.00,-1772.00,-15576.00,-1261.00,-537.00,-7496.00
1171,191,500.07,37.20,359,6.40,1,4124.00,2836.00,-15748.00,-1082.00,-1340.00,-2425.00
1171,192,501.47,37.20,359,6.40,1,4516.00,2740.00,-16124.00,-1470.00,-1817.00,6988.00
1171,193,501.30,37.30,359,6.40,1,5556.00,5192.00,-14412.00,-996.00,-694.00,-185.00
1171,194,501.12,37.40,359,6.40,1,4664.00,6600.00,-15068.00,1485.00,-1272.00,1225.00
1171,195,500.95,37.50,360,6.40,1,2884.00,5908.00,-13592.00,289.00,-1792.00,2506.00
1171,196,501.47,37.60,360,6.40,1,6056.00,3804.00,-14780.00,-302.00,-262.00,5961.00
1171,197,502.08,37.70,360,6.40,1,5228.00,4808.00,-13672.00,-1784.00,-1079.00,1313.00
1171,198,501.30,37.70,360,6.40,1,7824.00,7804.00,-20712.00,659.00,-1577.00,10722.00
1171,199,501.12,37.80,360,6.40,1,6544.00,4608.00,-12840.00,1231.00,66.00,-2274.00
1171,200,501.12,37.90,360,6.40,1,3824.00,4960.00,-11904.00,1682.00,-34.00,-8395.00
1171,201,501.56,38.00,360,6.40,1,6188.00,4172.00,-12336.00,-413.00,853.00,-16.00
1171,202,501.04,38.10,361,6.40,1,5464.00,6380.00,-13792.00,312.00,742.00,745.00
1171,203,501.39,38.10,361,6.40,1,5500.00,3384.00,-11512.00,-799.00,-536.00,678.00
1171,204,502.26,38.20,361,6.40,1,5892.00,2600.00,-15484.00,2490.00,712.00,1524.00
1171,205,502.00,38.20,361,6.40,1,3908.00,-724.00,-16132.00,-2920.00,-1421.00,-1590.00
1171,206,500.69,38.20,360,6.40,1,6420.00,2264.00,-19620.00,1915.00,-1083.00,11892.00
1171,207,501.47,38.30,372,6.40,1,6288.00,5020.00,-12392.00,405.00,-851.00,-4805.00
1171,208,502.08,38.30,361,6.40,1,3572.00,4832.00,-11392.00,-240.00,-448.00,-1662.00
1171,209,501.56,38.40,361,6.40,1,5292.00,4112.00,-13836.00,-208.00,1105.00,-6800.00
1171,210,502.00,38.50,361,6.40,1,4348.00,11644.00,-15008.00,1194.00,379.00,-142.00
1171,211,501.04,38.70,352,6.40,1,3208.00,6672.00,-12808.00,-1336.00,-2283.00,-889.00
1171,212,501.65,38.70,362,6.40,1,7500.00,7928.00,-17068.00,-1731.00,-1598.00,-69.00
1171,213,501.91,38.80,362,6.40,1,6044.00,5520.00,-11960.00,17.00,-273.00,-696.00
1171,214,501.21,38.90,362,6.40,1,5180.00,2176.00,-12096.00,-2406.00,-1970.00,12320.00
1171,215,501.21,38.90,362,6.40,1,3332.00,1912.00,-19152.00,-1053.00,-4300.00,-370.00
1171,216,502.00,38.90,362,6.40,1,3332.00,4816.00,-12492.00,-346.00,331.00,-5079.00
1171,217,501.47,38.90,362,6.40,1,5848.00,2520.00,-14324.00,-252.00,-13.00,376.00
1171,218,501.56,39.00,363,6.40,1,2864.00,4788.00,-16392.00,2781.00,3085.00,-6472.00
1171,219,501.82,39.00,363,6.40,1,2412.00,6152.00,-14716.00,-581.00,1670.00,3226.00
1171,220,501.56,39.00,363,6.40,1,4412.00,368.00,-15584.00,724.00,-110.00,418.00
1171,221,501.56,39.00,363,6.40,1,4080.00,2076.00,-16288.00,-1249.00,-882.00,8499.00
1171,222,502.61,39.00,363,6.40,1,2412.00,2192.00,-16040.00,-903.00,-2500.00,-6397.00
1171,223,501.65,39.00,363,6.40,1,3880.00,-288.00,-15236.00,1610.00,370.00,-1177.00
1171,224,501.65,39.10,363,6.40,1,3192.00,1024.00,-16868.00,1925.00,-1107.00,-2681.00
1171,225,502.17,39.10,363,6.40,1,3224.00,-144.00,-14964.00,1289.00,509.00,5455.00
1171,226,502.17,39.10,363,6.40,1,6724.00,-340.00,-16460.00,1408.00,1501.00,-4137.00
1171,227,501.65,39.10,355,6.40,1,5992.00,-824.00,-15300.00,160.00,321.00,-1198.00
1171,228,501.65,39.10,364,6.40,1,3768.00,-236.00,-14472.00,-1841.00,1688.00,1307.00
1171,229,500.07,39.10,364,6.40,1,7928.00,-2192.00,-15828.00,61.00,94.00,-645.00
1171,230,501.39,39.10,364,6.40,1,4936.00,-2040.00,-16380.00,37.00,206.00,-789.00
1171,231,501.65,39.10,364,6.40,1,4592.00,-724.00,-15384.00,-1074.00,-964.00,440.00
1171,232,502.26,39.10,364,6.40,1,3376.00,-1780.00,-15740.00,-188.00,-356.00,1911.00
1171,233,501.47,39.20,364,6.40,1,3428.00,-228.00,-15100.00,-254.00,-214.00,36.00
1171,234,501.73,39.20,364,6.40,1,4484.00,-2212.00,-15444.00,-678.00,870.00,540.00
1171,235,501.73,39.20,364,6.40,1,3840.00,-836.00,-14208.00,335.00,-342.00,-12.00
1171,236,501.73,39.20,364,6.40,1,3804.00,-2612.00,-15444.00,-1174.00,-347.00,387.00
1171,237,502.00,39.20,365,6.40,1,3744.00,-288.00,-15968.00,857.00,-163.00,-1144.00
1171,238,502.00,39.20,364,6.40,1,6092.00,-2944.00,-14676.00,925.00,-1023.00,-2470.00
1171,239,501.47,39.20,365,6.40,1,7300.00,-1352.00,-14728.00,-782.00,1298.00,-3242.00
1171,240,500.95,39.20,365,6.40,1,5780.00,-1600.00,-18052.00,905.00,165.00,4166.00
1171,241,501.47,39.20,365,6.40,1,8616.00,-5160.00,-14376.00,677.00,571.00,-349.00
1171,242,501.21,39.20,365,6.40,1,7116.00,-2848.00,-12108.00,-1272.00,1098.00,2917.00
1171,243,501.21,39.20,365,6.40,1,5468.00,-3996.00,-10748.00,-2696.00,229.00,3202.00
1171,244,502.34,39.20,365,6.40,1,6804.00,-9796.00,-17000.00,1990.00,1013.00,3099.00
1171,245,501.73,39.20,365,6.40,1,7860.00,-18588.00,-13488.00,-852.00,1260.00,4947.00
1171,246,501.47,39.20,365,6.40,1,5756.00,-11484.00,-17864.00,2020.00,943.00,-15.00
1171,247,500.95,39.20,365,6.40,1,5792.00,-10984.00,-12400.00,836.00,424.00,-576.00
1171,248,500.69,39.20,365,6.40,1,4356.00,-8104.00,-8972.00,520.00,-252.00,-436.00
1171,249,501.73,39.20,365,6.40,1,4208.00,-7524.00,-6512.00,-288.00,330.00,-1658.00
1171,250,501.47,39.20,365,6.40,1,3088.00,-7416.00,-9696.00,-709.00,-1135.00,-1804.00
1171,251,501.47,39.20,365,6.40,1,4248.00,-7644.00,-13524.00,1246.00,-379.00,-1863.00
1171,252,499.64,39.20,365,6.40,1,6260.00,-7028.00,-15524.00,-1284.00,-959.00,4226.00
1171,253,502.00,39.20,365,6.40,1,8692.00,-8812.00,-9632.00,82.00,-1607.00,-3829.00
1171,254,502.00,39.20,365,6.40,1,8112.00,-5824.00,-13944.00,-2198.00,-1321.00,5029.00
1171,255,500.86,39.20,366,6.40,1,5236.00,-8248.00,-12528.00,1270.00,622.00,-294.00
1171,256,501.21,39.20,366,6.40,1,2760.00,-6392.00,-9704.00,-295.00,-668.00,91.00
1171,257,501.73,39.10,366,6.40,1,2168.00,-7896.00,-15164.00,615.00,-1691.00,-4613.00
1171,258,502.70,39.20,366,6.40,1,7580.00,-14228.00,-15540.00,-928.00,-430.00,-3292.00
1171,259,500.86,39.20,366,6.40,1,5448.00,-7248.00,-11268.00,-606.00,-591.00,-290.00
1171,260,501.21,39.20,366,6.40,1,4296.00,-5908.00,-11340.00,-2915.00,235.00,5606.00
1171,261,500.07,39.20,366,6.40,1,4808.00,-7252.00,-21008.00,-130.00,1107.00,-2759.00
1171,262,501.73,39.20,366,6.40,1,5312.00,-9520.00,-11240.00,-1339.00,-135.00,-646.00
1171,263,501.73,39.20,366,6.40,1,1328.00,-4608.00,-13080.00,1533.00,98.00,-6074.00
1171,264,499.81,39.20,366,6.40,1,4508.00,-7624.00,-16328.00,77.00,-1351.00,-2842.00
1171,265,500.95,39.20,366,6.40,1,4936.00,-9068.00,-15900.00,1128.00,50.00,-2829.00
1171,266,501.21,39.20,366,6.40,1,5656.00,-6400.00,-12900.00,-453.00,84.00,563.00
1171,267,500.69,39.20,367,6.40,1,4468.00,-5024.00,-9164.00,-270.00,-158.00,995.00
1171,268,501.21,39.20,366,6.40,1,3700.00,-7140.00,-13268.00,-2537.00,504.00,-56.00
1171,269,500.95,39.20,367,6.40,1,5568.00,-6852.00,-15156.00,241.00,-848.00,-1145.00
1171,270,502.26,39.20,367,6.40,1,7212.00,-16320.00,-20656.00,-748.00,1602.00,2481.00
1171,271,500.95,39.20,367,6.40,1,3036.00,-8760.00,-10160.00,856.00,140.00,678.00
1171,272,501.73,39.20,367,6.40,1,4132.00,-6000.00,-8972.00,-683.00,-1382.00,464.00
1171,273,500.95,39.20,367,6.40,1,3844.00,-5212.00,-9176.00,-793.00,-720.00,-776.00
1171,274,501.73,39.20,367,6.40,1,3944.00,-4292.00,-11116.00,435.00,-127.00,-2184.00
1171,275,500.69,39.30,367,6.40,1,5728.00,-5124.00,-14120.00,1572.00,390.00,-3918.00
1171,276,501.30,39.30,367,6.40,1,5416.00,-8280.00,-16248.00,1668.00,-442.00,-4929.00
1171,277,501.47,39.30,367,6.40,1,5320.00,-8544.00,-20048.00,-217.00,16.00,-48.00
1171,278,500.95,39.30,367,6.40,1,4528.00,-9496.00,-15776.00,-341.00,-164.00,2635.00
1171,279,501.30,39.30,367,6.40,1,6112.00,-5740.00,-11952.00,757.00,-498.00,107.00
1171,280,501.30,39.30,368,6.40,1,5748.00,-4976.00,-10544.00,-839.00,-61.00,-1184.00
1171,281,501.30,39.30,368,6.40,1,4292.00,-5588.00,-8804.00,-1067.00,-986.00,4816.00
1171,282,501.82,39.30,368,6.40,1,3912.00,-6644.00,-16280.00,248.00,745.00,-2615.00
1171,283,501.82,39.30,368,6.40,1,6636.00,-5776.00,-17276.00,581.00,697.00,2274.00
1171,284,501.30,39.30,367,6.40,1,7712.00,-7696.00,-23708.00,0.00,-111.00,-2267.00
1171,285,501.56,39.30,368,6.40,1,6380.00,-8964.00,-12780.00,672.00,415.00,1914.00
1171,286,501.04,39.30,368,6.40,1,4620.00,-6788.00,-10376.00,-291.00,200.00,-2939.00
1171,287,501.04,39.30,368,6.40,1,4912.00,-6136.00,-8352.00,1367.00,-836.00,2545.00
1171,288,501.04,39.40,368,6.40,1,3896.00,-9728.00,-11796.00,-868.00,-1796.00,-1209.00
1171,289,501.65,39.40,368,6.40,1,3012.00,-7844.00,-15768.00,-687.00,-331.00,-792.00
1171,290,501.30,39.40,368,6.40,1,3468.00,-2744.00,-18348.00,-2219.00,-1611.00,-1775.00
1171,291,501.65,39.40,368,6.40,1,332.00,-6044.00,-11160.00,-394.00,-1026.00,15.00
1171,292,501.65,39.50,368,6.40,1,740.00,-5928.00,-10844.00,1873.00,-834.00,-6727.00
1171,293,501.65,39.50,368,6.40,1,7692.00,-6552.00,-10516.00,-746.00,-6.00,-8195.00
1171,294,501.39,39.50,369,6.40,1,4412.00,-4016.00,-10908.00,-947.00,-2375.00,1065.00
1171,295,501.39,39.50,369,6.40,1,3720.00,-1816.00,-11780.00,62.00,-178.00,-1023.00
1171,296,501.73,39.50,369,6.40,1,4568.00,-3536.00,-14536.00,-1310.00,1866.00,1776.00
1171,297,502.26,39.50,369,6.40,1,7364.00,-1564.00,-15844.00,-1645.00,468.00,1102.00
1171,298,501.21,39.60,369,6.40,1,10656.00,-3064.00,-16100.00,-865.00,882.00,-1796.00
1171,299,501.73,39.60,369,6.40,1,7720.00,-3404.00,-11472.00,-13.00,-1164.00,-806.00
1171,300,501.82,39.60,369,6.40,1,6892.00,-1664.00,-12880.00,412.00,-1269.00,324.00
1171,301,500.95,39.60,369,6.40,1,5964.00,-1684.00,-18100.00,2210.00,-761.00,4064.00
1171,302,501.56,39.60,369,6.40,1,5416.00,3496.00,-15724.00,3430.00,-942.00,-11419.00
1171,303,501.56,39.70,369,6.40,1,3688.00,2000.00,-15364.00,-125.00,-301.00,2353.00
1171,304,501.39,39.70,370,6.40,1,4720.00,-152.00,-15640.00,2419.00,774.00,-1809.00
1171,305,501.12,39.80,370,6.40,1,4800.00,-4132.00,-15420.00,-2636.00,680.00,2440.00
1171,306,501.73,39.80,370,6.40,1,5480.00,-524.00,-15880.00,-2560.00,2262.00,8248.00
1171,307,500.69,39.90,370,6.40,1,5668.00,-1216.00,-14288.00,1294.00,-1758.00,-5258.00
1171,308,501.73,39.90,370,6.40,1,6856.00,-3496.00,-13940.00,845.00,-1298.00,-1900.00
1171,309,501.21,39.90,370,6.40,1,7616.00,-1344.00,-14684.00,-848.00,623.00,-1932.00
1171,310,501.82,39.90,370,6.40,1,7732.00,-2792.00,-13808.00,826.00,-1064.00,92.00
1171,311,501.56,39.90,370,6.40,1,8292.00,-924.00,-14548.00,-1080.00,-311.00,-39.00
1171,312,501.30,39.90,371,6.40,1,6264.00,-568.00,-15092.00,-50.00,-669.00,3232.00
1171,313,501.04,40.00,371,6.40,1,6092.00,-4332.00,-13844.00,-459.00,-1712.00,1481.00
1171,314,501.82,40.00,371,6.40,1,2976.00,-4124.00,-15384.00,-175.00,-519.00,-837.00
1171,315,501.12,40.00,371,6.40,1,2852.00,-4000.00,-16012.00,-632.00,-1463.00,-1410.00
1171,316,501.65,40.10,371,6.40,1,1296.00,616.00,-16332.00,6.00,-116.00,962.00
1171,317,502.00,40.10,371,6.40,1,1268.00,-2944.00,-15416.00,-1164.00,582.00,357.00
1171,318,500.95,40.20,371,6.40,1,360.00,-1324.00,-19540.00,2566.00,-3760.00,4158.00
1171,319,501.21,40.20,371,6.40,1,-2428.00,-4712.00,-15464.00,3183.00,-1678.00,-15440.00
1171,320,501.47,40.20,371,6.40,1,-2404.00,-6132.00,-11984.00,-2024.00,-3161.00,5627.00
1171,321,502.00,40.20,371,6.40,1,-1976.00,-8076.00,-9724.00,-3490.00,-3600.00,-3427.00
1171,322,502.26,40.20,372,6.40,1,-3856.00,-5512.00,-12772.00,-3020.00,-1125.00,3004.00
1171,323,502.26,40.20,371,6.40,1,-11260.00,5560.00,-8264.00,-2376.00,-3087.00,2039.00
1171,324,502.00,40.20,372,6.40,1,-8956.00,11728.00,-8292.00,-1126.00,-2351.00,-3170.00
1171,325,502.08,40.20,372,6.40,1,-9724.00,10808.00,-6904.00,438.00,-494.00,1811.00
1171,326,501.30,40.30,373,6.40,1,-10068.00,10664.00,-4976.00,451.00,-501.00,1008.00
1171,327,501.30,40.30,373,6.40,1,-11868.00,11748.00,-2060.00,-575.00,-1253.00,-1902.00
1171,328,501.30,40.30,373,6.40,1,-10540.00,10944.00,-2372.00,447.00,-943.00,-1311.00
1171,329,501.30,40.30,374,6.40,1,-10712.00,12720.00,-2148.00,425.00,42.00,-397.00
1171,330,501.82,40.30,374,6.40,1,-11200.00,11644.00,-2336.00,931.00,-82.00,-1979.00
1171,331,501.65,40.40,375,6.40,1,-11060.00,12368.00,-2520.00,226.00,-136.00,-33.00
1171,332,501.12,40.40,375,6.40,1,-9260.00,12460.00,-2012.00,-108.00,97.00,-224.00
1171,333,500.86,40.40,375,6.40,1,-4816.00,15492.00,-2520.00,-407.00,380.00,2373.00
1171,334,500.07,40.50,376,6.40,1,-9960.00,12824.00,-1600.00,-477.00,-164.00,-1106.00
1171,335,501.47,40.50,376,6.40,1,-11612.00,13144.00,-2872.00,196.00,409.00,-1857.00
1171,336,500.69,40.50,377,6.40,1,-7292.00,15356.00,-1208.00,-294.00,-211.00,4986.00
1171,337,501.21,40.50,377,6.40,1,-7908.00,15168.00,-1660.00,-39.00,135.00,-689.00
1171,338,500.95,40.60,377,6.40,1,-10148.00,12832.00,-2548.00,-153.00,162.00,-626.00
1171,339,499.90,40.60,378,6.40,1,-11904.00,12888.00,-1460.00,102.00,-260.00,216.00
1171,340,500.77,40.60,378,6.40,1,-10084.00,12388.00,-2392.00,254.00,313.00,-1406.00
1171,341,500.77,40.70,378,6.40,1,-9076.00,12212.00,-4104.00,1317.00,710.00,17381.00
1171,342,500.60,40.70,379,6.40,1,-2988.00,15488.00,-5736.00,1121.00,165.00,-2640.00
1171,343,500.86,40.70,379,6.40,1,-10000.00,11104.00,-7960.00,787.00,583.00,-2273.00
1171,344,501.39,40.80,380,6.40,1,-8792.00,9200.00,-10136.00,914.00,942.00,-1471.00
1171,345,499.81,40.80,380,6.40,1,-7128.00,6860.00,-12484.00,551.00,647.00,-144.00
1171,346,499.90,40.90,380,6.40,1,-6152.00,6280.00,-13708.00,1292.00,1197.00,902.00
1171,347,500.16,40.90,380,6.40,1,-2368.00,2540.00,-15772.00,1292.00,959.00,-931.00
1171,355,501.12,41.40,380,6.40,1,-20.00,576.00,-16052.00,-22.00,-57.00,-532.00
1171,356,501.12,41.50,381,6.40,1,220.00,-144.00,-16272.00,34.00,-182.00,-1128.00
1171,361,501.12,41.70,381,6.40,1,52.00,216.00,-16252.00,-182.00,-235.00,-1040.00
1171,362,500.07,41.80,381,6.40,1,372.00,364.00,-16172.00,-40.00,-17.00,-619.00
1171,366,500.25,41.90,381,6.40,1,-152.00,-324.00,-16188.00,-7.00,-75.00,387.00
1171,367,501.56,42.00,381,6.40,1,-292.00,-100.00,-16460.00,0.00,-136.00,286.00
1171,372,500.95,42.20,382,6.40,1,260.00,448.00,-16304.00,-58.00,-111.00,¢r‚‚
1171,373,500.95,42.20,382,6.40,1,80.00,-160.00,-16276.00,-60.00,-153.00,-458.00
1171,376,500.77,42.40,382,6.40,1,256.00,352.00,-16216.00,-30.00,4.00,182.
1171,378,500.60,42.40,382,6.40,1,-228.00,368.00,-16276.00,-107.00,21.00,1418.00
1171,385,500.25,42.70,383,6.40,1,264.00,-324.00,-16252.00,55.00,-47.00,-559.00
1171,386,501.12,42.70,383,6.40,1,-84.00,-260.00,-16404.00,26.00,-84.00,-1111.00
1171,389,501.47,42.80,383,6.40,1,1056.00,592.00,-16124.00,-58.00,-96.00,-1185.00
1171,390,501.21,42.90,384,6.40,1,52.00,40.00,-16212.00,59.00,-41.00,183.00
1171,392,501.04,42.90,384,6.40,1,36.00,24.00,-16212.00,18.00,-113.00,-849.00
1171,393,501.04,43.00,399,6.40,1,344.00,44.00,-16240.00,16.00,-76.00,-613.00
1171,395,501.12,43.00,384,6.40,1,444.00,4.00,-16328.00,-16.00,-60.00,-538.00
1171,397,500.07,43.10,384,6.40,1,356.00,-136.00,-16076.00,89.00,25.00,-226.00
1171,398,500.69,43.10,384,6.40,1,20.00,36.00,-16096.00,-15.00,-86.00,-271.00
1171,400,500.16,43.20,385,6.40,1,264.00,132.00,-16252.00,18.00,-52.00,-202.00
1171,403,501.04,43.30,385,6.40,1,120.00,16.00,-16284.00,-37.00,-134.00,-515.00
1171,406,500.07,43.40,385,6.40,1,48.00,16.00,-16204.00,-2.00,-48.00,457.00
1171,408,501.47,43.50,386,6.40,1,236.00,-208.00,-16140.00,-32.00,-76.00,269.00
1171,409,500.95,43.50,386,6.40,1,88.00,0.00,-16276.00,-13.00,-46.00,-251.00
1171,410,499.72,43.50,386,6.40,1,236.00,-16.00,-16272.00,-8.00,-129.00,-1090.00
1171,413,500.77,43.60,386,6.40,1,296.00,-88.00,-16248.00,-37.00,-114.00,-422.00
1171,414,501.30,43.60,386,6.40,1,80.00,-36.00,-16044.00,5.00,-55.00,-148.00
1171,415,499.81,43.70,386,6.40,1,320.00,68.00,-16204.00,-68.00,-93.00,-127.00
1171,416,500.25,43.70,386,6.40,1,156.00,104.00,-16224.00,104.00,-66.00,-388.00
1171,418,501.39,43.70,387,6.40,1,228.00,-220.00,-16328.00,29.00,-74.00,-550.00
1171,423,500.16,43.90,387,6.40,1,500.00,132.00,-16316.00,-30.00,-163.00,-341.00
1171,427,499.99,44.00,387,6.40,1,432.00,356.00,-16456.00,-70.00,-146.00,-2001.00
1171,428,499.81,44.00,388,6.40,1,220.00,-104.00,-16368.00,113.00,-144.00,-880.00
1171,430,501.65,44.10,388,6.40,1,364.00,412.00,-16312.00,-53.00,-27.00,311.00
1171,431,500.07,44.10,388,6.40,1,180.00,28.00,-16488.00,-17.00,-141.00,-1343.00
1171,432,500.86,44.10,388,6.40,1,-172.00,84.00,-16228.00,-9.00,-101.00,-463.00
1171,436,500.95,44.20,388,6.40,1,196.00,208.00,-16068.00,-140.00,81.00,-283.00
1171,437,500.69,44.20,389,6.40,1,492.00,-528.00,-15828.00,224.00,-112.00,362.00
1171,442,499.99,44.40,389,6.40,1,-44.00,-132.00,-16120.00,41.00,-140.00,-179.00
1171,443,500.07,44.40,389,6.40,1,-20.00,264.00,-16156.00,-32.00,-89.00,-369.00
1171,446,499.37,44.50,389,6.40,1,164.00,368.00,-16324.00,-3.00,0.00,-835.00
1171,447,499.64,44.50,388,6.40,1,128.00,-256.00,-16532.00,104.00,-241.00,-43.00
1171,448,500.69,44.50,390,6.40,1,64.00,52.00,-16020.00,23.00,-148.00,-1180.00
1171,640,499.72,47.60,402,6.40,1,388.00,-204.00,-16368.00,74.00,-29.00,-248.00
1171,641,500.16,47.60,402,6.40,1,-108.00,60.00,-15944.00,48.00,-33.00,-449.00
1171,642,500.69,47.60,402,6.40,1,476.00,-340.00,-16180.00,-23.00,-110.00,501.00
1171,643,499.46,47.70,402,6.40,1,260.00,-20.00,-15996.00,26.00,-127.00,-899.00
1171,644,499.72,47.70,402,6.40,1,312.00,-192.00,-16160.00,49.00,15.00,476.00
1171,645,499.90,47.70,402,6.40,1,496.00,284.00,-16224.00,29.00,-54.00,-728.00
1171,646,500.77,47.70,402,6.40,1,340.00,-244.00,-16092.00,48.00,-146.00,-732.00
1171,647,499.99,47.70,402,6.40,1,236.00,-28.00,-15932.00,7.00,-4.00,-234.00
1171,648,499.81,47.70,402,6.40,1,252.00,72.00,-16092.00,56.00,-46.00,-106.00
1171,649,499.81,47.70,402,6.40,1,252.00,64.00,-16032.00,-4.00,-70.00,181.00
1171,650,499.99,47.70,402,6.40,1,72.00,-120.00,-16240.00,28.00,-74.00,-533.00
1171,651,499.81,47.70,403,6.40,1,456.00,56.00,-16100.00,24.00,-53.00,-280.00
1171,652,499.81,47.70,403,6.40,1,76.00,156.00,-16272.00,18.00,7.00,-609.00
1171,653,500.25,47.80,403,6.40,1,200.00,148.00,-16128.00,-13.00,-56.00,-2.00
1171,654,500.86,47.80,403,6.40,1,348.00,68.00,-16116.00,43.00,-71.00,-378.00
1171,655,499.81,47.80,403,6.40,1,264.00,144.00,-16224.00,57.00,-58.00,-626.00
1171,656,499.55,47.80,403,6.40,1,136.00,-100.00,-16000.00,-3.00,-72.00,-634.00
1171,657,500.60,47.80,403,6.40,1,496.00,128.00,-16124.00,28.00,-44.00,-85.00
1171,658,499.81,47.80,403,6.40,1,348.00,-88.00,-16076.00,12.00,-52.00,-174.00
1171,659,499.81,47.80,403,6.40,1,144.00,44.00,-16076.00,38.00,-35.00,-628.00
1171,660,499.37,47.80,403,6.40,1,512.00,52.00,-16204.00,22.00,-66.00,-486.00
1171,661,500.60,47.80,388,6.40,1,376.00,56.00,-16064.00,16.00,-78.00,-145.00
1171,662,499.64,47.80,403,6.40,1,88.00,-28.00,-16144.00,8.00,-28.00,8.00
1171,663,499.81,47.90,403,6.40,1,228.00,192.00,-16088.00,5.00,-62.00,-140.00
1171,664,499.81,47.90,403,6.40,1,8.00,80.00,-16120.00,-101.00,-45.00,-329.00
1171,665,498.85,47.90,403,6.40,1,428.00,-132.00,-16368.00,91.00,-51.00,-614.00
1171,666,499.37,47.90,403,6.40,1,308.00,152.00,-15920.00,-14.00,-137.00,-764.00
1171,667,498.85,47.90,403,6.40,1,472.00,68.00,-16200.00,47.00,-114.00,-1135.00
1171,668,499.37,47.90,403,6.40,1,308.00,72.00,-16236.00,14.00,-78.00,-311.00
1171,669,499.46,47.90,403,6.40,1,364.00,100.00,-16200.00,46.00,-37.00,557.00
1171,670,498.85,47.90,404,6.40,1,328.00,712.00,-16044.00,6.00,-111.00,-296.00
1171,671,499.20,47.90,403,6.40,1,148.00,-108.00,-16200.00,102.00,-85.00,-109.00
1171,672,499.90,47.90,403,6.40,1,532.00,316.00,-16364.00,28.00,-66.00,588.00
1171,673,499.20,48.00,403,6.40,1,-24.00,144.00,-16144.00,-19.00,-82.00,-98.00
1171,674,500.16,48.00,403,6.40,1,324.00,8.00,-16296.00,60.00,-38.00,-502.00
1171,675,499.46,48.00,403,6.40,1,108.00,160.00,-16024.00,-3.00,-4.00,-224.00
1171,676,499.46,48.00,403,6.40,1,256.00,140.00,-16036.00,36.00,-44.00,-1283.00
1171,677,499.46,48.00,403,6.40,1,112.00,-148.00,-16052.00,47.00,-109.00,-449.00
1171,678,499.99,48.00,403,6.40,1,4.00,92.00,-16156.00,29.00,-83.00,-502.00
1171,679,499.99,48.00,403,6.40,1,280.00,-36.00,-16140.00,38.00,22.00,40.00
1171,680,499.20,48.00,403,6.40,1,328.00,120.00,-16212.00,45.00,-85.00,-558.00
1171,681,499.81,48.00,404,6.40,1,520.00,148.00,-16224.00,56.00,-13.00,288.00
1171,682,499.81,48.00,404,6.40,1,272.00,104.00,-16144.00,20.00,-123.00,-517.00
1171,683,498.68,48.10,404,6.40,1,508.00,264.00,-16080.00,-8.00,-163.00,-675.00
1171,684,499.55,48.10,404,6.40,1,4.00,-128.00,-16060.00,4.00,-20.00,-361.00
1171,685,500.25,48.10,404,6.40,1,504.00,-200.00,-16192.00,24.00,-70.00,238.00
1171,686,499.55,48.10,404,6.40,1,300.00,76.00,-16112.00,13.00,-157.00,-207.00
1171,687,500.25,48.10,404,6.40,1,216.00,44.00,-15928.00,40.00,-25.00,143.00
1171,688,499.99,48.10,404,6.40,1,136.00,-28.00,-16140.00,2.00,-81.00,-468.00
1171,689,499.81,48.10,404,6.40,1,324.00,36.00,-16112.00,50.00,-57.00,-223.00
1171,690,499.55,48.10,404,6.40,1,456.00,16.00,-16020.00,56.00,-47.00,-78.00
1171,691,500.07,48.10,404,6.40,1,448.00,104.00,-16272.00,8.00,-77.00,-416.00
1171,692,499.81,48.10,404,6.40,1,180.00,28.00,-16052.00,27.00,-28.00,-470.00
1171,693,500.07,48.10,404,6.40,1,236.00,20.00,-16164.00,47.00,-72.00,-231.00
1171,694,499.37,48.20,404,6.40,1,448.00,64.00,-16148.00,20.00,-100.00,-222.00
1171,695,500.07,48.20,404,6.40,1,172.00,140.00,-16184.00,66.00,-52.00,-339.00
1171,696,499.81,48.20,404,6.40,1,308.00,-64.00,-16072.00,21.00,-37.00,115.00
1171,697,499.64,48.20,404,6.40,1,448.00,-32.00,-16180.00,23.00,-93.00,-257.00
1171,698,499.37,48.20,404,6.40,1,68.00,24.00,-16240.00,47.00,-19.00,-91.00
1171,699,499.64,48.20,404,6.40,1,264.00,20.00,-16160.00,82.00,-63.00,-631.00
1171,700,499.64,48.20,403,6.40,1,144.00,60.00,-16336.00,21.00,-45.00,83.00
1171,701,499.64,48.20,404,6.40,1,392.00,24.00,-16136.00,50.00,-83.00,-626.00
1171,702,499.81,48.20,404,6.40,1,304.00,-24.00,-16108.00,31.00,-32.00,-505.00
1171,703,499.64,48.20,404,6.40,1,320.00,168.00,-16028.00,25.00,-66.00,-125.00
1171,704,500.16,48.30,404,6.40,1,300.00,52.00,-16024.00,19.00,-59.00,75.00
1171,705,499.37,48.30,394,6.40,1,344.00,164.00,-16324.00,42.00,-75.00,-417.00
1171,706,499.46,48.30,404,6.40,1,308.00,-48.00,-16044.00,30.00,-62.00,-776.00
1171,707,499.72,48.30,404,6.40,1,284.00,8.00,-16180.00,49.00,-16.00,-233.00
1171,708,499.90,48.30,404,6.40,1,316.00,72.00,-16172.00,17.00,-99.00,-181.00
1171,709,500.95,48.30,404,6.40,1,312.00,48.00,-16204.00,50.00,-75.00,-333.00
1171,710,499.72,48.30,404,6.40,1,292.00,-20.00,-16128.00,23.00,-35.00,-321.00
1171,711,500.16,48.30,404,6.40,1,252.00,32.00,-16172.00,1.00,-12.00,223.00
1171,712,499.90,48.30,405,6.40,1,244.00,52.00,-16104.00,61.00,-87.00,-117.00
1171,713,499.90,48.30,404,6.40,1,232.00,-24.00,-15992.00,14.00,-44.00,-630.00
1171,714,499.90,48.30,404,6.40,1,512.00,-28.00,-15944.00,64.00,-66.00,112.00
1171,715,499.90,48.30,404,6.40,1,224.00,-8.00,-16144.00,-4.00,-42.00,-364.00
1171,716,499.72,48.40,404,6.40,1,204.00,212.00,-16192.00,33.00,-76.00,-427.00
1171,717,499.72,48.40,404,6.40,1,368.00,-52.00,-16248.00,36.00,-63.00,-538.00
1171,718,499.20,48.40,404,6.40,1,68.00,8.00,-16000.00,10.00,-27.00,-183.00
1171,719,499.20,48.40,394,6.40,1,380.00,-156.00,-16132.00,34.00,24.00,32.00
1171,720,499.99,48.40,404,6.40,1,384.00,100.00,-16216.00,64.00,-29.00,-308.00
1171,721,499.81,48.40,404,6.40,1,284.00,-96.00,-16100.00,41.00,-74.00,-544.00
1171,722,499.03,48.40,405,6.40,1,-88.00,164.00,-16016.00,98.00,-71.00,-448.00
1171,723,499.99,48.40,422,6.40,1,452.00,192.00,-16068.00,32.00,-67.00,-281.00
1171,724,499.81,48.40,405,6.40,1,252.00,128.00,-16276.00,45.00,-105.00,-535.00
1171,725,500.25,48.40,422,6.40,1,208.00,-40.00,-16052.00,56.00,-42.00,-245.00
1171,726,499.81,48.40,405,6.40,1,400.00,8.00,-16144.00,48.00,-51.00,-154.00
1171,727,499.55,48.40,405,6.40,1,304.00,96.00,-16072.00,30.00,-103.00,-943.00
1171,728,499.55,48.50,405,6.40,1,108.00,8.00,-16040.00,15.00,-57.00,-444.00
1171,729,499.81,48.50,405,6.40,1,300.00,-72.00,-16192.00,40.00,-50.00,346.00
1171,730,500.07,48.50,405,6.40,1,48.00,172.00,-16096.00,40.00,-16.00,-300.00
1171,731,500.07,48.50,405,6.40,1,388.00,-96.00,-16100.00,42.00,-47.00,-37.00
1171,732,499.03,48.50,405,6.40,1,308.00,48.00,-16140.00,60.00,-34.00,-440.00
1171,733,499.11,48.50,405,6.40,1,144.00,140.00,-16200.00,12.00,-103.00,-175.00
1171,734,498.76,48.50,405,6.40,1,328.00,92.00,-16020.00,-6.00,-24.00,-423.00
1171,735,499.81,48.50,405,6.40,1,28.00,-112.00,-16132.00,14.00,-13.00,-182.00
1171,736,499.37,48.50,405,6.40,1,260.00,-64.00,-16228.00,-8.00,-84.00,-1033.00
1171,737,499.37,48.50,405,6.40,1,236.00,92.00,-16176.00,46.00,-42.00,-117.00
1171,738,498.85,48.60,405,6.40,1,264.00,80.00,-16064.00,54.00,-57.00,-497.00
1171,739,498.85,48.60,406,6.40,1,120.00,152.00,-16284.00,25.00,-39.00,-337.00
1171,740,499.81,48.60,405,6.40,1,324.00,-88.00,-16080.00,1.00,-52.00,-303.00
1171,741,499.64,48.60,405,6.40,1,216.00,152.00,-16428.00,38.00,-35.00,-558.00
1171,742,499.81,48.60,405,6.40,1,268.00,24.00,-15956.00,27.00,-70.00,-616.00
1171,743,499.64,48.60,405,6.40,1,288.00,44.00,-16032.00,30.00,-62.00,-675.00
1171,744,499.11,48.60,405,6.40,1,72.00,-92.00,-16212.00,31.00,-70.00,-266.00
1171,745,499.37,48.60,405,6.40,1,220.00,-64.00,-16288.00,13.00,-52.00,-336.00
1171,746,498.85,48.60,405,6.40,1,308.00,-96.00,-16192.00,79.00,-45.00,-229.00
1171,747,499.46,48.60,405,6.40,1,392.00,-48.00,-16076.00,34.00,-27.00,-257.00
1171,748,499.72,48.60,405,6.40,1,268.00,116.00,-15964.00,40.00,-29.00,-220.00
1171,749,499.72,48.60,405,6.40,1,372.00,84.00,-16204.00,67.00,-80.00,-392.00
1171,750,498.94,48.70,405,6.40,1,112.00,84.00,-16384.00,35.00,-70.00,-310.00
1171,751,499.20,48.70,405,6.40,1,100.00,-48.00,-16116.00,56.00,-40.00,-408.00
1171,752,499.20,48.70,405,6.40,1,396.00,-44.00,-16044.00,64.00,-67.00,-166.00
1171,753,499.72,48.70,405,6.40,1,264.00,100.00,-15992.00,44.00,-85.00,-290.00
1171,754,499.20,48.70,405,6.40,1,340.00,40.00,-15996.00,20.00,-48.00,-306.00
1171,756,499.46,48.70,405,6.40,1,444.00,80.00,-16072.00,29.00,-99.00,-298.00
1171,757,499.90,48.70,405,6.40,1,220.00,-112.00,-15916.00,51.00,-59.00,-519.00
1171,758,499.46,48.70,405,6.40,1,256.00,36.00,-16256.00,62.00,-99.00,-560.00
1171,759,499.46,48.70,405,6.40,1,-24.00,-12.00,-16360.00,6.00,-47.00,-171.00
1171,761,499.46,48.70,405,6.40,1,292.00,16.00,-16148.00,17.00,-71.00,-299.00
1171,762,500.25,48.70,406,6.40,1,260.00,-96.00,-16096.00,66.00,-31.00,-459.00
1171,763,498.68,48.70,406,6.40,1,300.00,40.00,-16072.00,46.00,-73.00,-333.00
1171,764,499.55,48.70,406,6.40,1,308.00,-160.00,-16020.00,34.00,-84.00,-319.00
1171,765,499.03,48.80,406,6.40,1,256.00,-96.00,-16092.00,54.00,-49.00,-473.00
1171,766,499.29,48.80,406,6.40,1,204.00,-192.00,-16008.00,50.00,-81.00,-291.00
1171,767,499.99,48.80,406,6.40,1,284.00,132.00,-16176.00,21.00,-67.00,-476.00
1171,768,499.81,48.80,406,6.40,1,216.00,-116.00,-16176.00,28.00,-59.00,-499.00
1171,769,499.29,48.80,406,6.40,1,200.00,116.00,-16212.00,26.00,-23.00,-141.00
1171,770,499.29,48.80,406,6.40,1,344.00,-48.00,-16204.00,49.00,-39.00,-154.00
1171,771,499.55,48.80,406,6.40,1,304.00,-28.00,-16124.00,-18.00,-63.00,-524.00
1171,772,499.99,48.80,406,6.40,1,300.00,-184.00,-16080.00,43.00,-56.00,-148.00
1171,773,499.99,48.80,406,6.40,1,284.00,4.00,-16180.00,36.00,-65.00,-236.00
1171,774,499.03,48.80,406,6.40,1,172.00,-92.00,-16016.00,54.00,-63.00,-292.00
1171,775,499.55,48.80,406,6.40,1,320.00,0.00,-16116.00,61.00,-95.00,-377.00
1171,776,499.29,48.80,405,6.40,1,100.00,32.00,-16100.00,64.00,-56.00,-219.00
1171,777,499.55,48.80,406,6.40,1,248.00,-28.00,-16084.00,54.00,-117.00,-468.00
1171,778,499.29,48.90,406,6.40,1,184.00,-176.00,-16040.00,41.00,-72.00,-225.00
1171,779,499.81,48.90,406,6.40,1,236.00,-20.00,-16268.00,48.00,-83.00,-270.00
1171,780,500.07,48.90,393,6.40,1,280.00,8.00,-16108.00,27.00,-77.00,-315.00
1171,781,499.37,48.90,406,6.40,1,204.00,-96.00,-16144.00,86.00,-44.00,-372.00
1171,782,499.81,48.90,406,6.40,1,184.00,20.00,-16116.00,33.00,-44.00,-224.00
1171,783,499.64,48.90,406,6.40,1,128.00,252.00,-16336.00,33.00,-38.00,-301.00
1171,784,499.64,48.90,406,6.40,1,184.00,-44.00,-16076.00,22.00,-70.00,-350.00
1171,785,499.64,48.90,406,6.40,1,156.00,196.00,-16140.00,32.00,-75.00,54.00
1171,786,499.81,48.90,406,6.40,1,344.00,16.00,-16080.00,70.00,-80.00,-360.00
1171,787,499.37,48.90,406,6.40,1,80.00,-128.00,-15980.00,46.00,-15.00,-464.00
1171,788,500.07,48.90,406,6.40,1,264.00,-84.00,-16064.00,44.00,-60.00,-230.00
1171,789,499.81,48.90,407,6.40,1,436.00,-48.00,-16108.00,24.00,-58.00,-445.00
1171,790,499.64,48.90,406,6.40,1,296.00,-48.00,-16036.00,45.00,-83.00,-249.00
1171,791,499.37,48.90,406,6.40,1,292.00,-52.00,-16152.00,30.00,-22.00,-201.00
1171,792,499.37,48.90,406,6.40,1,168.00,60.00,-16180.00,19.00,-56.00,25.00
1171,793,499.90,49.00,406,6.40,1,236.00,-72.00,-16060.00,28.00,-50.00,-396.00
1171,794,499.90,49.00,406,6.40,1,356.00,-112.00,-16072.00,77.00,-39.00,-266.00
1171,795,499.90,49.00,406,6.40,1,328.00,0.00,-16176.00,49.00,-71.00,-434.00
1171,796,499.72,49.00,408,6.40,1,200.00,212.00,-16252.00,65.00,-25.00,-395.00
1171,797,499.46,49.00,406,6.40,1,336.00,136.00,-16124.00,67.00,-55.00,-342.00
1171,798,499.20,49.00,406,6.40,1,76.00,148.00,-16024.00,53.00,-65.00,-89.00
1171,799,500.16,49.00,406,6.40,1,308.00,124.00,-16040.00,68.00,-111.00,-553.00
1171,800,500.16,49.00,406,6.40,1,332.00,72.00,-16100.00,44.00,-53.00,-395.00
1171,801,500.16,49.00,406,6.40,1,-36.00,152.00,-15960.00,58.00,30.00,-312.00
1171,802,499.90,49.00,407,6.40,1,300.00,-92.00,-16040.00,42.00,-131.00,-460.00
1171,803,500.69,49.00,406,6.40,1,168.00,152.00,-16096.00,35.00,-10.00,-391.00
1171,804,500.77,49.00,407,6.40,1,64.00,-76.00,-16056.00,49.00,-21.00,-462.00
1171,805,499.46,49.00,407,6.40,1,180.00,20.00,-16156.00,34.00,-98.00,-407.00
1171,806,500.25,49.00,407,6.40,1,248.00,12.00,-16096.00,22.00,-70.00,-588.00
1171,807,499.90,49.00,407,6.40,1,236.00,112.00,-15832.00,30.00,-19.00,-234.00
1171,808,499.72,49.00,407,6.40,1,436.00,80.00,-16200.00,12.00,-71.00,-308.00
1171,809,499.81,49.10,406,6.40,1,360.00,0.00,-15988.00,64.00,-38.00,-783.00
1171,810,500.77,49.10,407,6.40,1,156.00,-104.00,-16132.00,40.00,-56.00,-195.00
1171,811,499.99,49.10,407,6.40,1,276.00,-8.00,-16016.00,28.00,-30.00,-296.00
1171,812,499.99,49.10,407,6.40,1,268.00,-12.00,-16028.00,25.00,-59.00,-279.00
1171,813,499.81,49.10,407,6.40,1,164.00,52.00,-16100.00,60.00,-56.00,-560.00
1171,814,499.29,49.10,407,6.40,1,280.00,20.00,-15984.00,74.00,-86.00,-263.00
1171,815,500.25,49.10,407,6.40,1,156.00,76.00,-16244.00,59.00,-76.00,-792.00
1171,816,499.55,49.10,407,6.40,1,320.00,-64.00,-16032.00,50.00,-64.00,-415.00
1171,817,499.03,49.10,407,6.40,1,244.00,-148.00,-16060.00,31.00,-102.00,-467.00
1171,818,499.55,49.10,407,6.40,1,248.00,-76.00,-16116.00,87.00,-35.00,-172.00
1171,819,499.29,49.10,407,6.40,1,280.00,104.00,-16204.00,38.00,-38.00,-84.00
1171,820,499.29,49.10,408,6.40,1,424.00,56.00,-16124.00,18.00,-88.00,-577.00
1171,821,499.29,49.10,407,6.40,1,192.00,-52.00,-16072.00,62.00,-52.00,-456.00
1171,822,499.03,49.20,407,6.40,1,340.00,-20.00,-16020.00,2.00,-33.00,-305.00
1171,823,499.81,49.20,407,6.40,1,208.00,8.00,-15904.00,39.00,-51.00,-20.00
1171,824,499.29,49.20,407,6.40,1,332.00,-52.00,-16096.00,74.00,-84.00,-507.00
1171,825,500.60,49.20,407,6.40,1,228.00,-8.00,-15956.00,25.00,-65.00,12.00
1171,826,499.81,49.20,407,6.40,1,252.00,8.00,-16232.00,46.00,-58.00,-94.00
1171,827,499.55,49.20,407,6.40,1,324.00,132.00,-16080.00,49.00,-36.00,-326.00
1171,828,499.03,49.20,407,6.40,1,36.00,-16.00,-16072.00,36.00,-54.00,-198.00
1171,829,498.76,49.20,407,6.40,1,452.00,44.00,-16132.00,35.00,-53.00,-265.00
1171,830,499.81,49.20,407,6.40,1,320.00,200.00,-16136.00,16.00,-49.00,-198.00
1171,831,499.37,49.20,407,6.40,1,176.00,-20.00,-16028.00,52.00,-49.00,-450.00
1171,832,499.37,49.20,407,6.40,1,56.00,-92.00,-16088.00,-1.00,-28.00,-166.00
1171,833,499.81,49.20,407,6.40,1,212.00,104.00,-16096.00,13.00,-41.00,-257.00
1171,834,499.64,49.20,407,6.40,1,456.00,172.00,-16020.00,29.00,-45.00,-518.00
1171,835,499.64,49.20,407,6.40,1,220.00,-16.00,-16144.00,20.00,-113.00,-296.00
1171,836,499.37,49.20,407,6.40,1,556.00,140.00,-16152.00,21.00,-54.00,-337.00
1171,837,499.64,49.20,407,6.40,1,500.00,12.00,-16232.00,43.00,-62.00,-398.00
1171,838,499.81,49.20,407,6.40,1,192.00,168.00,-16084.00,46.00,8.00,-320.00
1171,839,500.69,49.30,408,6.40,1,-40.00,-144.00,-16156.00,52.00,-10.00,-83.00
1171,840,499.81,49.30,407,6.40,1,496.00,124.00,-16036.00,73.00,-27.00,-383.00
1171,841,500.95,49.30,407,6.40,1,304.00,168.00,-15968.00,48.00,-82.00,48.00
1171,842,499.81,49.30,407,6.40,1,148.00,-96.00,-16080.00,47.00,25.00,-410.00
1171,843,499.37,49.30,425,6.40,1,388.00,92.00,-16152.00,27.00,-45.00,-438.00
1171,844,500.16,49.30,408,6.40,1,204.00,-224.00,-16112.00,31.00,-83.00,-148.00
1171,845,499.64,49.30,408,6.40,1,304.00,68.00,-16024.00,64.00,-64.00,-461.00
1171,846,499.37,49.30,408,6.40,1,268.00,32.00,-16040.00,8.00,-13.00,1.00
1171,847,499.11,49.30,408,6.40,1,300.00,96.00,-16124.00,84.00,-85.00,-677.00
1171,848,498.59,49.30,408,6.40,1,236.00,164.00,-16260.00,53.00,-22.00,-428.00
1171,849,499.90,49.30,408,6.40,1,356.00,48.00,-16256.00,10.00,-15.00,4.00
1171,850,499.11,49.30,408,6.40,1,412.00,12.00,-16132.00,49.00,-66.00,-95.00
1171,851,499.46,49.30,408,6.40,1,72.00,-208.00,-16016.00,56.00,-61.00,-90.00
1171,852,499.72,49.30,408,6.40,1,136.00,56.00,-16072.00,28.00,-63.00,-560.00
1171,853,499.90,49.30,408,6.40,1,416.00,144.00,-16028.00,35.00,-75.00,-156.00
1171,854,498.94,49.30,408,6.40,1,164.00,56.00,-16064.00,45.00,-39.00,-361.00
1171,855,499.90,49.30,408,6.40,1,232.00,-108.00,-16068.00,45.00,-57.00,-496.00
1171,856,499.46,49.30,408,6.40,1,164.00,52.00,-16052.00,61.00,-9.00,-120.00
1171,857,500.16,49.30,408,6.40,1,452.00,196.00,-16152.00,58.00,22.00,-3.00
1171,858,499.90,49.40,408,6.40,1,288.00,96.00,-16164.00,0.00,-81.00,-149.00
1171,859,499.46,49.40,408,6.40,1,284.00,-104.00,-16148.00,66.00,-13.00,-699.00
1171,860,499.72,49.40,408,6.40,1,556.00,188.00,-16152.00,96.00,-56.00,-174.00
1171,861,499.72,49.40,408,6.40,1,-24.00,52.00,-16140.00,-6.00,-80.00,-120.00
1171,862,499.46,49.40,408,6.40,1,688.00,12.00,-16248.00,95.00,3.00,-528.00
1171,863,501.30,49.40,406,6.40,1,468.00,52.00,-16092.00,48.00,-116.00,350.00
1171,864,499.20,49.40,408,6.40,1,-132.00,484.00,-16008.00,42.00,-21.00,-719.00
1171,865,499.81,49.40,408,6.40,1,688.00,272.00,-16184.00,139.00,41.00,-117.00
1171,866,498.94,49.40,408,6.40,1,328.00,-12.00,-16012.00,21.00,-140.00,-719.00
1171,867,500.77,49.40,408,6.40,1,-60.00,832.00,-15776.00,-37.00,-138.00,180.00
1171,868,499.46,49.40,408,6.40,1,260.00,28.00,-16008.00,77.00,-61.00,-815.00
1171,869,499.55,49.40,408,6.40,1,292.00,-16.00,-15884.00,0.00,46.00,-239.00
1171,870,499.81,49.40,408,6.40,1,28.00,-200.00,-16188.00,53.00,-76.00,-86.00
1171,871,500.25,49.40,408,6.40,1,280.00,-200.00,-16088.00,39.00,-47.00,-480.00
1171,872,500.25,49.40,408,6.40,1,176.00,292.00,-16164.00,43.00,-44.00,-450.00
1171,873,499.99,49.40,408,6.40,1,368.00,-140.00,-16252.00,-12.00,-80.00,-87.00
1171,874,499.99,49.40,408,6.40,1,48.00,72.00,-16124.00,74.00,-42.00,-686.00
1171,875,499.99,49.40,408,6.40,1,364.00,108.00,-16048.00,40.00,-45.00,403.00
1171,876,499.81,49.50,408,6.40,1,172.00,-28.00,-15996.00,51.00,-45.00,-744.00
1171,877,499.55,49.50,410,6.40,1,372.00,32.00,-16108.00,61.00,-86.00,-215.00
1171,878,499.99,49.50,410,6.40,1,332.00,-140.00,-15976.00,56.00,-29.00,-181.00
1171,879,499.29,49.50,410,6.40,1,324.00,136.00,-16036.00,77.00,-78.00,-287.00
1171,880,499.03,49.50,410,6.40,1,144.00,-164.00,-16052.00,51.00,-73.00,-313.00
1171,881,499.29,49.50,410,6.40,1,280.00,-68.00,-16040.00,9.00,-32.00,-314.00
1171,882,499.03,49.50,410,6.40,1,484.00,52.00,-16048.00,92.00,-44.00,-321.00
1171,883,499.81,49.50,410,6.40,1,152.00,32.00,-15944.00,-3.00,-128.00,-467.00
1171,884,499.81,49.50,410,6.40,1,160.00,40.00,-16068.00,72.00,27.00,-584.00
1171,885,499.55,49.50,410,6.40,1,552.00,92.00,-16156.00,81.00,-63.00,-169.00
1171,886,499.29,49.50,410,6.40,1,132.00,-44.00,-16196.00,-8.00,-150.00,183.00
1171,887,500.60,49.50,410,6.40,1,-44.00,-152.00,-16140.00,93.00,28.00,-271.00
1171,888,499.29,49.50,410,6.40,1,380.00,52.00,-16100.00,28.00,-81.00,-199.00
1171,889,499.03,49.50,410,6.40,1,548.00,-280.00,-16076.00,50.00,-122.00,-178.00
1171,890,499.64,49.50,410,6.40,1,300.00,16.00,-16096.00,71.00,-53.00,-486.00
1171,891,499.64,49.50,410,6.40,1,216.00,-8.00,-16120.00,64.00,-63.00,-186.00
1171,892,500.07,49.50,410,6.40,1,352.00,-32.00,-16120.00,55.00,-54.00,-291.00
1171,893,499.81,49.60,410,6.40,1,328.00,128.00,-16020.00,60.00,-69.00,-207.00
1171,894,500.07,49.50,410,6.40,1,304.00,-184.00,-16088.00,68.00,-82.00,-151.00
1171,895,499.11,49.60,411,6.40,1,428.00,196.00,-16188.00,31.00,-72.00,-468.00
1171,896,499.11,49.60,410,6.40,1,180.00,-48.00,-16036.00,51.00,-68.00,-451.00
1171,897,499.11,49.60,410,6.40,1,240.00,80.00,-16052.00,42.00,-48.00,-554.00
1171,898,499.11,49.60,410,6.40,1,212.00,0.00,-16184.00,86.00,-70.00,-361.00
1171,899,499.37,49.60,410,6.40,1,388.00,-116.00,-16160.00,54.00,-9.00,-560.00
1171,900,499.81,49.60,410,6.40,1,360.00,-44.00,-16288.00,90.00,-52.00,-687.00
1171,901,499.81,49.60,410,6.40,1,140.00,108.00,-15940.00,-15.00,-64.00,-313.00
1171,902,498.85,49.60,410,6.40,1,88.00,-56.00,-16144.00,60.00,-17.00,-362.00
1171,903,499.37,49.60,410,6.40,1,404.00,28.00,-16032.00,40.00,-90.00,9.00
1171,904,499.37,49.60,410,6.40,1,332.00,92.00,-16108.00,82.00,-9.00,-324.00
1171,905,499.11,49.60,410,6.40,1,204.00,260.00,-16144.00,27.00,-60.00,-202.00
1171,906,500.16,49.60,410,6.40,1,360.00,-52.00,-16096.00,26.00,-66.00,-536.00
1171,907,499.64,49.60,411,6.40,1,-72.00,-16.00,-16100.00,28.00,-41.00,-455.00
1171,908,499.37,49.60,411,6.40,1,416.00,8.00,-15900.00,59.00,-4.00,-10.00
1171,909,500.16,49.60,411,6.40,1,580.00,196.00,-16028.00,36.00,-84.00,-436.00
1171,910,500.69,49.60,411,6.40,1,252.00,64.00,-16100.00,54.00,-65.00,-348.00
1171,911,499.72,49.70,411,6.40,1,264.00,0.00,-16096.00,74.00,-24.00,-162.00
1171,912,499.72,49.70,411,6.40,1,252.00,-208.00,-15900.00,41.00,-68.00,-168.00
1171,913,499.20,49.70,411,6.40,1,260.00,-52.00,-16048.00,50.00,-71.00,-376.00
1171,914,499.20,49.70,411,6.40,1,328.00,68.00,-16052.00,45.00,-5.00,-126.00
1171,915,499.46,49.70,411,6.40,1,288.00,36.00,-16092.00,44.00,-59.00,-658.00
1171,916,500.16,49.70,411,6.40,1,92.00,-64.00,-16216.00,69.00,-32.00,-433.00
1171,917,499.20,49.70,411,6.40,1,312.00,-96.00,-16172.00,62.00,-36.00,-400.00
1171,918,499.46,49.70,411,6.40,1,280.00,40.00,-16140.00,62.00,-42.00,-317.00
1171,919,499.72,49.70,411,6.40,1,244.00,-200.00,-16084.00,12.00,-95.00,-358.00
1171,920,499.90,49.70,411,6.40,1,136.00,32.00,-16108.00,55.00,-78.00,-434.00
1171,921,499.72,49.70,411,6.40,1,124.00,-116.00,-15976.00,48.00,-55.00,-263.00
1171,922,499.72,49.70,411,6.40,1,236.00,-12.00,-16160.00,60.00,-21.00,-217.00
1171,923,499.20,49.70,411,6.40,1,280.00,-44.00,-16004.00,56.00,-98.00,-351.00
1171,924,499.46,49.70,411,6.40,1,288.00,160.00,-16056.00,59.00,-26.00,-286.00
1171,925,499.72,49.70,411,6.40,1,256.00,-224.00,-16064.00,52.00,-28.00,-181.00
1171,926,499.46,49.70,411,6.40,1,288.00,-52.00,-16176.00,31.00,-72.00,-507.00
1171,927,500.25,49.70,411,6.40,1,212.00,24.00,-16168.00,25.00,-75.00,-186.00
1171,928,499.99,49.70,411,6.40,1,384.00,-128.00,-16228.00,86.00,-66.00,-390.00
1171,929,500.77,49.70,411,6.40,1,152.00,-96.00,-15928.00,15.00,-77.00,-366.00
1171,930,499.55,49.80,411,6.40,1,396.00,-64.00,-16064.00,38.00,-60.00,-367.00
1171,931,499.46,49.70,413,6.40,1,304.00,108.00,-16128.00,71.00,-83.00,-356.00
1171,932,499.99,49.80,411,6.40,1,304.00,-36.00,-16136.00,69.00,-46.00,-286.00
1171,933,499.99,49.80,411,6.40,1,432.00,148.00,-16048.00,87.00,-4.00,-365.00
1171,934,499.81,49.80,412,6.40,1,148.00,32.00,-16016.00,49.00,-88.00,-334.00
1171,935,499.81,49.80,412,6.40,1,360.00,-20.00,-16240.00,49.00,-25.00,-249.00
1171,936,499.99,49.80,412,6.40,1,276.00,80.00,-16204.00,86.00,-50.00,-335.00
1171,937,499.81,49.80,412,6.40,1,284.00,128.00,-16096.00,25.00,-65.00,-642.00
1171,938,499.55,49.80,412,6.40,1,332.00,180.00,-16072.00,77.00,-61.00,-397.00
1171,939,499.99,49.80,412,6.40,1,292.00,-12.00,-16120.00,33.00,-48.00,-336.00
1171,940,499.03,49.80,412,6.40,1,192.00,-120.00,-16144.00,36.00,-67.00,-335.00
1171,941,499.99,49.80,412,6.40,1,216.00,16.00,-16072.00,61.00,-19.00,-388.00
1171,942,500.25,49.80,412,6.40,1,188.00,-144.00,-15928.00,66.00,-70.00,-43.00
1171,943,499.81,49.80,412,6.40,1,256.00,-28.00,-16108.00,44.00,-66.00,-500.00
1171,944,499.55,49.80,412,6.40,1,244.00,-100.00,-16032.00,46.00,-2.00,-201.00
1171,945,499.55,49.80,412,6.40,1,280.00,-72.00,-16232.00,41.00,-53.00,-88.00
1171,946,499.81,49.80,412,6.40,1,372.00,-144.00,-16024.00,115.00,-81.00,-102.00
1171,947,499.29,49.80,412,6.40,1,364.00,32.00,-16012.00,67.00,-38.00,-210.00
1171,948,499.55,49.90,411,6.40,1,148.00,12.00,-16108.00,37.00,-44.00,-151.00
1171,949,499.55,49.90,412,6.40,1,192.00,20.00,-16080.00,62.00,-44.00,-202.00
1171,950,500.07,49.90,412,6.40,1,184.00,0.00,-16124.00,5.00,-30.00,-36.00
1171,951,499.81,49.90,412,6.40,1,220.00,-132.00,-15980.00,52.00,-28.00,-223.00
1171,952,499.29,49.90,412,6.40,1,260.00,-36.00,-16012.00,77.00,-42.00,4.00
1171,953,500.07,49.90,412,6.40,1,300.00,96.00,-16040.00,23.00,-27.00,-150.00
1171,954,499.29,49.90,412,6.40,1,228.00,-24.00,-16096.00,80.00,-76.00,-7.00
1171,955,499.64,49.90,412,6.40,1,236.00,76.00,-16124.00,31.00,-90.00,-560.00
1171,956,499.81,49.90,412,6.40,1,316.00,-88.00,-16128.00,44.00,-29.00,-568.00
1171,957,499.29,49.90,412,6.40,1,216.00,4.00,-16084.00,56.00,-29.00,-559.00
1171,958,499.11,49.90,412,6.40,1,380.00,-48.00,-16004.00,61.00,-26.00,-249.00
1171,959,498.24,49.90,412,6.40,1,396.00,56.00,-16092.00,38.00,-114.00,-67.00
1171,960,499.37,49.90,412,6.40,1,196.00,20.00,-16124.00,23.00,-93.00,-208.00
1171,961,499.11,49.90,412,6.40,1,504.00,260.00,-16284.00,91.00,-32.00,-214.00
1171,962,498.85,49.90,412,6.40,1,308.00,108.00,-16108.00,76.00,-70.00,-423.00
1171,963,499.37,49.90,412,6.40,1,352.00,32.00,-16056.00,39.00,-20.00,-118.00
1171,964,499.37,49.90,412,6.40,1,224.00,144.00,-16116.00,51.00,-45.00,-219.00
1171,965,499.81,49.90,413,6.40,1,252.00,8.00,-16176.00,67.00,-57.00,-92.00
1171,966,499.11,49.90,413,6.40,1,348.00,16.00,-16120.00,71.00,-77.00,-246.00
1171,967,499.64,49.90,415,6.40,1,472.00,80.00,-16040.00,32.00,-25.00,-319.00
1171,968,499.11,50.00,413,6.40,1,252.00,-112.00,-16128.00,59.00,-64.00,-320.00
1171,969,499.64,50.00,413,6.40,1,264.00,108.00,-16216.00,43.00,-46.00,-177.00
1171,970,499.90,50.00,413,6.40,1,312.00,-140.00,-16048.00,62.00,-71.00,-296.00
1171,971,500.16,50.00,413,6.40,1,420.00,16.00,-15936.00,40.00,-64.00,-590.00
1171,972,499.64,50.00,413,6.40,1,236.00,72.00,-16064.00,35.00,-96.00,-452.00
1171,973,499.37,50.00,413,6.40,1,200.00,-36.00,-16116.00,75.00,5.00,-584.00
1171,974,499.90,50.00,413,6.40,1,148.00,108.00,-16072.00,20.00,-123.00,-151.00
1171,975,499.37,50.00,413,6.40,1,156.00,-72.00,-16072.00,29.00,-63.00,-434.00
1171,976,499.11,50.00,413,6.40,1,236.00,96.00,-15996.00,37.00,-27.00,-25.00
1171,977,499.72,50.00,413,6.40,1,440.00,36.00,-16088.00,55.00,-51.00,-239.00
1171,978,499.46,50.00,413,6.40,1,320.00,40.00,-16176.00,46.00,-66.00,-325.00
1171,979,499.72,50.00,413,6.40,1,176.00,-128.00,-16080.00,49.00,-57.00,-446.00
1171,980,499.72,50.00,413,6.40,1,316.00,128.00,-16020.00,64.00,-45.00,-236.00
1171,981,499.90,50.00,413,6.40,1,304.00,-8.00,-16116.00,92.00,-8.00,-379.00
1171,982,499.72,50.00,413,6.40,1,296.00,48.00,-16056.00,37.00,0.00,-290.00
1171,983,499.90,50.00,413,6.40,1,300.00,256.00,-16132.00,44.00,-9.00,-7.00
1171,984,499.46,50.00,413,6.40,1,336.00,100.00,-16100.00,48.00,-52.00,-530.00
1171,985,499.90,50.00,413,6.40,1,132.00,-88.00,-16100.00,20.00,-16.00,-201.00
1171,986,499.72,50.00,413,6.40,1,212.00,68.00,-16112.00,65.00,-54.00,-104.00
1171,987,499.46,50.00,413,6.40,1,300.00,-72.00,-16164.00,74.00,-64.00,-578.00
1171,988,499.90,50.00,413,6.40,1,44.00,-12.00,-16016.00,64.00,-47.00,-219.00
1171,989,500.25,50.10,413,6.40,1,436.00,-72.00,-15992.00,84.00,-47.00,-286.00
1171,990,499.46,50.10,413,6.40,1,360.00,28.00,-15932.00,77.00,-83.00,-351.00
1171,991,499.72,50.10,413,6.40,1,296.00,-124.00,-16136.00,37.00,-52.00,-216.00
1171,992,500.25,50.10,413,6.40,1,268.00,188.00,-16056.00,54.00,-25.00,-249.00
1171,993,499.72,50.10,413,6.40,1,324.00,52.00,-16212.00,46.00,-77.00,-256.00
1171,994,500.25,50.10,414,6.40,1,352.00,28.00,-16052.00,40.00,-72.00,-452.00
1171,995,499.72,50.10,414,6.40,1,280.00,-56.00,-16052.00,53.00,-53.00,-296.00
1171,996,499.72,50.10,414,6.40,1,120.00,-96.00,-16176.00,53.00,-80.00,-466.00
1171,997,499.46,50.10,414,6.40,1,148.00,-44.00,-16012.00,61.00,2.00,-431.00
1171,998,499.20,50.10,414,6.40,1,296.00,-52.00,-16004.00,43.00,-32.00,-246.00
1171,999,500.25,50.10,414,6.40,1,292.00,-20.00,-16100.00,78.00,-74.00,-466.00
1171,1000,499.99,50.10,414,6.40,1,304.00,124.00,-16140.00,44.00,-62.00,-341.00
1171,1001,499.81,50.10,414,6.40,1,84.00,-52.00,-16160.00,51.00,-66.00,-223.00
1171,1002,499.99,50.10,414,6.40,1,324.00,40.00,-15988.00,59.00,5.00,-93.00
1171,1003,499.55,50.10,414,6.40,1,140.00,-128.00,-16048.00,51.00,-32.00,-144.00
1171,1004,499.99,50.10,414,6.40,1,336.00,-72.00,-16152.00,48.00,-25.00,-305.00
1171,1005,499.81,50.10,414,6.40,1,108.00,304.00,-16220.00,41.00,-7.00,-200.00
1171,1006,499.29,50.10,414,6.40,1,388.00,36.00,-15960.00,64.00,-82.00,-289.00
1171,1007,499.99,50.10,414,6.40,1,372.00,48.00,-15872.00,61.00,-41.00,-333.00
1171,1008,500.25,50.20,414,6.40,1,292.00,-144.00,-16064.00,42.00,-60.00,-232.00
1171,1009,499.81,50.20,414,6.40,1,288.00,32.00,-16088.00,85.00,-58.00,-290.00
1171,1010,499.55,50.20,414,6.40,1,236.00,-180.00,-15964.00,17.00,-48.00,-367.00
1171,1011,499.99,50.20,415,6.40,1,280.00,20.00,-16052.00,58.00,-35.00,-314.00
1171,1012,499.99,50.20,414,6.40,1,376.00,-96.00,-16052.00,59.00,-45.00,-313.00
1171,1013,499.55,50.20,414,6.40,1,100.00,220.00,-16100.00,77.00,-49.00,-392.00
1171,1014,499.81,50.20,414,6.40,1,264.00,-36.00,-16096.00,50.00,-58.00,-225.00
1171,1015,499.99,50.20,414,6.40,1,300.00,4.00,-16004.00,68.00,-49.00,-333.00
1171,1016,499.55,50.20,414,6.40,1,300.00,-40.00,-16112.00,47.00,-75.00,-434.00
1171,1017,500.86,50.20,410,6.40,1,216.00,96.00,-16184.00,45.00,-52.00,-335.00
1171,1018,499.81,50.20,414,6.40,1,388.00,52.00,-16076.00,70.00,-54.00,-262.00
1171,1019,499.81,50.20,414,6.40,1,320.00,8.00,-16116.00,81.00,-13.00,-173.00
1171,1020,499.81,50.20,414,6.40,1,488.00,0.00,-16100.00,62.00,-22.00,-301.00
1171,1021,499.64,50.20,414,6.40,1,332.00,40.00,-16120.00,36.00,-61.00,-426.00
1171,1022,500.60,50.20,414,6.40,1,4.00,-24.00,-16176.00,58.00,-37.00,-177.00
1171,1023,500.86,50.20,414,6.40,1,300.00,0.00,-16056.00,65.00,-16.00,-194.00
1171,1024,499.03,50.20,414,6.40,1,196.00,-72.00,-15944.00,41.00,-54.00,-296.00
1171,1025,499.64,50.20,414,6.40,1,192.00,-116.00,-16032.00,70.00,-16.00,-434.00
1171,1026,499.81,50.20,414,6.40,1,188.00,56.00,-15980.00,96.00,-92.00,-385.00
1171,1027,500.07,50.20,415,6.40,1,372.00,76.00,-16040.00,71.00,-90.00,-291.00
1171,1028,500.60,50.20,415,6.40,1,328.00,84.00,-16316.00,78.00,-59.00,-449.00
1171,1029,499.37,50.20,415,6.40,1,240.00,-28.00,-16072.00,36.00,-73.00,-304.00
1171,1030,499.81,50.30,415,6.40,1,204.00,172.00,-16248.00,46.00,-57.00,-243.00
1171,1031,499.64,50.20,415,6.40,1,324.00,-164.00,-16016.00,77.00,-55.00,-378.00
1171,1032,500.95,50.30,415,6.40,1,236.00,-64.00,-16084.00,48.00,-48.00,-206.00
1171,1033,499.37,50.30,433,6.40,1,356.00,68.00,-16036.00,61.00,-17.00,-314.00
1171,1034,499.64,50.30,415,6.40,1,100.00,-4.00,-16080.00,44.00,-72.00,-605.00
1171,1035,500.07,50.30,415,6.40,1,364.00,40.00,-16064.00,66.00,-17.00,-425.00
1171,1036,500.07,50.30,415,6.40,1,276.00,-20.00,-16188.00,43.00,-7.00,-265.00
1171,1037,500.07,50.30,415,6.40,1,420.00,132.00,-16036.00,32.00,-64.00,-123.00
1171,1038,500.69,50.30,415,6.40,1,416.00,172.00,-16252.00,49.00,-67.00,-646.00
1171,1039,500.16,50.30,415,6.40,1,276.00,96.00,-16060.00,66.00,-77.00,-500.00
1171,1040,500.16,50.30,415,6.40,1,92.00,-96.00,-16136.00,28.00,-63.00,-279.00
1171,1041,499.81,50.30,415,6.40,1,296.00,32.00,-16040.00,25.00,20.00,-317.00
1171,1042,499.64,50.30,415,6.40,1,292.00,100.00,-16164.00,65.00,-95.00,-534.00
1171,1043,500.69,50.30,415,6.40,1,216.00,0.00,-16196.00,65.00,-20.00,-383.00
1171,1044,500.16,50.30,415,6.40,1,344.00,180.00,-16136.00,48.00,-15.00,-778.00
1171,1045,499.64,50.30,415,6.40,1,300.00,-56.00,-16100.00,25.00,-64.00,-384.00
1171,1046,500.16,50.30,415,6.40,1,264.00,-32.00,-15988.00,82.00,3.00,-30.00
1171,1047,500.69,50.30,415,6.40,1,168.00,-20.00,-16064.00,40.00,-95.00,-274.00
1171,1048,500.69,50.30,415,6.40,1,124.00,276.00,-16228.00,124.00,-54.00,-780.00
1171,1049,500.69,50.30,415,6.40,1,296.00,-224.00,-16132.00,32.00,-65.00,-295.00
1171,1050,500.69,50.30,415,6.40,1,60.00,56.00,-16040.00,33.00,-44.00,-609.00
1171,1051,500.95,50.30,415,6.40,1,244.00,-96.00,-16112.00,64.00,-83.00,-414.00
1171,1052,499.72,50.40,415,6.40,1,424.00,224.00,-16088.00,66.00,-33.00,-299.00
1171,1053,500.69,50.40,415,6.40,1,300.00,-72.00,-16116.00,54.00,-86.00,-1057.00
1171,1054,499.72,50.40,415,6.40,1,172.00,180.00,-16132.00,69.00,-5.00,-546.00
1171,1055,500.16,50.40,415,6.40,1,412.00,84.00,-16300.00,60.00,-44.00,75.00
1171,1056,499.90,50.40,416,6.40,1,88.00,-72.00,-15900.00,51.00,-43.00,-568.00
1171,1057,499.90,50.40,416,6.40,1,356.00,-112.00,-16180.00,108.00,-11.00,-429.00
1171,1058,500.16,50.40,416,6.40,1,156.00,12.00,-15912.00,56.00,-31.00,-223.00
1171,1059,499.46,50.40,416,6.40,1,216.00,68.00,-15960.00,91.00,-69.00,-187.00
1171,1060,500.16,50.40,416,6.40,1,292.00,-120.00,-16072.00,78.00,-71.00,-342.00
1171,1061,499.72,50.40,416,6.40,1,156.00,76.00,-16056.00,16.00,-5.00,-153.00
1171,1062,499.46,50.40,416,6.40,1,276.00,-48.00,-16012.00,74.00,-148.00,-664.00
 1171,1063,499.20,50.40,416,6.40,1,192.00,68.00,-16092.00,53.00 ,-10.00,-152.00
                                                                                                                                                                                                                                                                                                                                                                                                                                                                                                                                                                                                                                                                 1171,1167,500.86,50.90,419,6.40,1,152.00,-220.00,-16128.00,66.00,-61.00,-47.00
1171,1168,499.55,50.90,419,6.40,1,-96.00,188.00,-16176.00,116.00,26.00,-223.00
1171,1169,501.12,50.90,419,6.40,1,280.00,208.00,-16108.00,129.00,-53.00,-22.00
1171,1170,501.12,50.90,419,6.40,1,64.00,0.00,-16148.00,64.00,-60.00,-487.00
1171,1171,499.81,50.90,419,6.40,1,140.00,132.00,-16108.00,-18.00,-58.00,-271.00
1171,1172,499.64,50.90,419,6.40,1,36.00,-324.00,-16332.00,64.00,22.00,248.00
1171,1173,501.12,50.90,419,6.40,1,444.00,52.00,-16036.00,106.00,-27.00,-552.00
1171,1174,500.86,50.90,420,6.40,1,136.00,212.00,-16204.00,8.00,-105.00,-280.00
1171,1175,500.60,50.90,419,6.40,1,312.00,364.00,-16192.00,92.00,49.00,115.00
1171,1176,499.81,50.90,419,6.40,1,388.00,148.00,-15924.00,137.00,-32.00,-84.00
1171,1177,499.81,50.90,419,6.40,1,460.00,-116.00,-16216.00,48.00,-124.00,-245.00
1171,1178,500.60,50.90,419,6.40,1,-136.00,-204.00,-16096.00,25.00,-64.00,-394.00
1171,1179,501.21,51.00,419,6.40,1,668.00,-156.00,-16184.00,47.00,-12.00,-485.00
1171,1180,500.86,51.00,420,6.40,1,184.00,-96.00,-16104.00,71.00,-81.00,11.00
1171,1181,500.86,51.00,420,6.40,1,492.00,-188.00,-16132.00,128.00,-9.00,-752.00
1171,1182,500.60,51.00,420,6.40,1,316.00,60.00,-16104.00,52.00,-73.00,-264.00
1171,1183,500.95,51.00,420,6.40,1,144.00,60.00,-16184.00,53.00,-38.00,-324.00
1171,1184,500.60,51.00,420,6.40,1,576.00,-8.00,-16120.00,88.00,-28.00,-83.00
1171,1185,499.64,51.00,420,6.40,1,320.00,-72.00,-16172.00,44.00,-83.00,-330.00
1171,1186,500.95,51.00,420,6.40,1,388.00,-84.00,-16124.00,91.00,22.00,-472.00
1171,1187,500.95,51.00,420,6.40,1,380.00,-8.00,-15968.00,51.00,-41.00,-196.00
1171,1188,500.07,51.00,420,6.40,1,16.00,-188.00,-16040.00,59.00,-36.00,-238.00
1171,1189,499.81,51.00,420,6.40,1,456.00,-84.00,-16164.00,82.00,1.00,-331.00
1171,1190,500.95,51.00,420,6.40,1,368.00,128.00,-16132.00,3.00,-41.00,-281.00
1171,1191,499.64,51.00,420,6.40,1,384.00,-24.00,-16004.00,39.00,-82.00,-550.00
1171,1192,500.69,51.00,420,6.40,1,208.00,156.00,-16100.00,46.00,-37.00,-156.00
1171,1193,499.90,51.00,420,6.40,1,416.00,-16.00,-16036.00,96.00,-19.00,-371.00
1171,1194,500.16,51.00,420,6.40,1,128.00,216.00,-16040.00,75.00,-75.00,-164.00
1171,1195,499.90,51.00,420,6.40,1,408.00,-236.00,-16160.00,20.00,-76.00,-429.00
1171,1196,500.95,51.00,420,6.40,1,236.00,-36.00,-16004.00,91.00,-29.00,-416.00
1171,1197,499.37,51.00,420,6.40,1,12.00,180.00,-15896.00,56.00,-75.00,-202.00
1171,1198,500.69,51.00,420,6.40,1,156.00,-116.00,-15912.00,75.00,-64.00,-416.00
1171,1199,500.16,51.00,420,6.40,1,404.00,88.00,-16048.00,110.00,-79.00,-274.00
1171,1200,500.16,51.00,420,6.40,1,312.00,52.00,-16116.00,71.00,-50.00,-404.00
1171,1201,500.16,51.00,426,6.40,1,384.00,140.00,-16040.00,46.00,-51.00,-302.00
1171,1202,500.69,51.00,420,6.40,1,328.00,132.00,-16108.00,62.00,-24.00,-471.00
1171,1203,500.95,51.10,420,6.40,1,132.00,48.00,-16024.00,47.00,-61.00,-251.00
1171,1204,500.16,51.10,420,6.40,1,160.00,-8.00,-16020.00,71.00,-86.00,-211.00
1171,1205,499.90,51.10,420,6.40,1,488.00,108.00,-16224.00,75.00,-40.00,-625.00
1171,1206,500.69,51.10,420,6.40,1,240.00,36.00,-16028.00,81.00,-1.00,-288.00
1171,1207,500.16,51.10,420,6.40,1,204.00,-20.00,-16172.00,71.00,-37.00,-587.00
1171,1208,499.72,51.10,420,6.40,1,336.00,-80.00,-16040.00,60.00,-65.00,-151.00
1171,1209,500.69,51.10,419,6.40,1,372.00,204.00,-16256.00,83.00,-35.00,-461.00
1171,1210,500.16,51.10,420,6.40,1,196.00,-156.00,-16120.00,61.00,-83.00,-314.00
1171,1211,499.46,51.10,420,6.40,1,364.00,-76.00,-16032.00,74.00,-29.00,-195.00
1171,1212,499.90,51.10,420,6.40,1,328.00,-28.00,-16128.00,64.00,12.00,-376.00
1171,1213,499.90,51.10,420,6.40,1,192.00,-128.00,-16056.00,87.00,-86.00,-319.00
1171,1214,500.16,51.10,422,6.40,1,252.00,-148.00,-16096.00,86.00,-40.00,-139.00
1171,1215,500.16,51.10,420,6.40,1,400.00,168.00,-16124.00,80.00,-15.00,-399.00
1171,1216,499.90,51.10,422,6.40,1,428.00,-36.00,-16096.00,81.00,-48.00,-452.00
1171,1217,501.04,51.10,422,6.40,1,-16.00,-92.00,-15952.00,70.00,-61.00,-273.00
1171,1218,501.04,51.10,422,6.40,1,272.00,-100.00,-15932.00,71.00,-20.00,-265.00
1171,1219,501.04,51.10,422,6.40,1,268.00,-12.00,-16100.00,72.00,-80.00,-520.00
1171,1220,500.25,51.10,422,6.40,1,316.00,24.00,-16144.00,69.00,15.00,-236.00
1171,1221,499.99,51.10,422,6.40,1,324.00,-180.00,-15912.00,69.00,-103.00,-311.00
1171,1222,501.04,51.10,422,6.40,1,452.00,180.00,-16124.00,81.00,-90.00,-365.00
1171,1223,499.99,51.10,422,6.40,1,144.00,-104.00,-15920.00,25.00,-13.00,-154.00
1171,1224,500.77,51.10,422,6.40,1,480.00,20.00,-16056.00,109.00,-98.00,-426.00
1171,1225,499.99,51.10,422,6.40,1,260.00,36.00,-16084.00,75.00,-75.00,58.00
1171,1226,500.25,51.20,422,6.40,1,576.00,36.00,-16212.00,103.00,0.00,-394.00
1171,1227,500.25,51.10,422,6.40,1,432.00,-20.00,-16116.00,51.00,-139.00,-360.00
1171,1228,499.99,51.20,422,6.40,1,200.00,-20.00,-16224.00,59.00,-38.00,-256.00
1171,1229,499.99,51.20,422,6.40,1,436.00,-32.00,-16156.00,69.00,-51.00,-363.00
1171,1230,500.77,51.20,422,6.40,1,300.00,-152.00,-15892.00,32.00,-38.00,-176.00
1171,1231,501.04,51.20,422,6.40,1,288.00,-88.00,-16176.00,93.00,38.00,-111.00
1171,1232,500.77,51.20,422,6.40,1,416.00,-104.00,-16028.00,87.00,-5.00,40.00
1171,1233,501.04,51.20,422,6.40,1,296.00,228.00,-16084.00,118.00,-3.00,-363.00
1171,1234,501.91,51.20,422,6.40,1,-20.00,32.00,-15888.00,41.00,-38.00,-231.00
1171,1235,501.39,51.20,422,6.40,1,208.00,104.00,-16164.00,56.00,-57.00,35.00
1171,1236,501.12,51.20,422,6.40,1,508.00,-184.00,-16284.00,76.00,-21.00,-611.00
1171,1237,500.25,51.20,422,6.40,1,328.00,-76.00,-16152.00,118.00,-12.00,-416.00
1171,1238,499.99,51.20,422,6.40,1,148.00,264.00,-15964.00,146.00,18.00,-445.00
1171,1239,501.12,51.20,422,6.40,1,352.00,-68.00,-16100.00,41.00,-42.00,-234.00
1171,1240,499.81,51.20,422,6.40,1,256.00,-264.00,-16108.00,89.00,-113.00,-605.00
1171,1241,500.25,51.20,422,6.40,1,180.00,112.00,-16060.00,56.00,-10.00,-77.00
1171,1242,500.86,51.20,422,6.40,1,72.00,160.00,-16268.00,45.00,-9.00,-547.00
1171,1243,501.65,51.20,422,6.40,1,204.00,-152.00,-15936.00,57.00,-75.00,-238.00
1171,1244,501.39,51.20,422,6.40,1,-144.00,-52.00,-16088.00,7.00,-52.00,-634.00
1171,1245,499.55,51.20,422,6.40,1,308.00,-72.00,-16116.00,80.00,16.00,-387.00
1171,1246,501.12,51.20,422,6.40,1,-16.00,136.00,-16284.00,37.00,-131.00,-559.00
1171,1247,500.60,51.20,422,6.40,1,436.00,-300.00,-16236.00,46.00,-63.00,-269.00
1171,1248,501.12,51.20,422,6.40,1,416.00,60.00,-16224.00,146.00,-22.00,-379.00
1171,1249,500.86,51.20,435,6.40,1,180.00,80.00,-16128.00,27.00,-48.00,11.00
1171,1250,499.81,51.30,423,6.40,1,444.00,-268.00,-16140.00,95.00,27.00,-245.00
1171,1251,501.12,51.30,423,6.40,1,124.00,220.00,-16036.00,62.00,-92.00,-784.00
1171,1252,500.60,51.30,423,6.40,1,48.00,-60.00,-15928.00,17.00,-53.00,-310.00
1171,1253,500.86,51.30,423,6.40,1,492.00,-72.00,-16104.00,47.00,-58.00,-135.00
1171,1254,501.65,51.30,423,6.40,1,56.00,-56.00,-15908.00,79.00,-148.00,-567.00
1171,1255,501.12,51.30,423,6.40,1,476.00,172.00,-16168.00,22.00,-49.00,13.00
1171,1256,501.12,51.30,423,6.40,1,592.00,132.00,-16100.00,85.00,-38.00,39.00
1171,1257,501.12,51.30,423,6.40,1,236.00,-152.00,-16172.00,149.00,-31.00,-457.00
1171,1258,499.81,51.30,423,6.40,1,148.00,132.00,-16256.00,92.00,12.00,-370.00
1171,1259,501.21,51.30,423,6.40,1,416.00,48.00,-16084.00,62.00,-72.00,-69.00
1171,1260,500.86,51.30,423,6.40,1,64.00,-68.00,-15868.00,70.00,-22.00,-365.00
1171,1261,501.21,51.30,423,6.40,1,452.00,-48.00,-16156.00,55.00,-1.00,-347.00
1171,1262,500.07,51.30,423,6.40,1,436.00,-92.00,-16000.00,141.00,-52.00,-155.00
1171,1263,500.07,51.30,423,6.40,1,376.00,424.00,-15964.00,55.00,-68.00,-164.00
1171,1264,500.07,51.30,423,6.40,1,168.00,120.00,-15988.00,75.00,-51.00,-569.00
1171,1265,500.60,51.30,423,6.40,1,640.00,-244.00,-16228.00,75.00,-77.00,-572.00
1171,1266,499.81,51.30,423,6.40,1,116.00,-192.00,-16024.00,128.00,-9.00,-359.00
1171,1267,500.07,51.30,423,6.40,1,484.00,-160.00,-16028.00,106.00,3.00,-503.00
1171,1268,499.81,51.30,423,6.40,1,136.00,316.00,-16132.00,63.00,-15.00,-556.00
1171,1269,500.07,51.30,423,6.40,1,176.00,36.00,-16008.00,101.00,-58.00,-251.00
1171,1270,499.64,51.30,423,6.40,1,516.00,-144.00,-16192.00,94.00,-66.00,-196.00
1171,1271,499.81,51.30,423,6.40,1,192.00,-60.00,-16296.00,89.00,-6.00,-269.00
1171,1272,499.81,51.30,423,6.40,1,224.00,84.00,-16184.00,71.00,-37.00,-252.00
1171,1273,500.16,51.30,423,6.40,1,472.00,-236.00,-15996.00,69.00,-26.00,-338.00
1171,1274,500.16,51.30,423,6.40,1,144.00,220.00,-16000.00,83.00,-55.00,-292.00
1171,1275,500.95,51.40,423,6.40,1,268.00,-56.00,-15948.00,30.00,-40.00,-48.00
1171,1276,500.69,51.30,423,6.40,1,264.00,-80.00,-16092.00,65.00,10.00,-400.00
1171,1277,499.90,51.40,423,6.40,1,48.00,-148.00,-16172.00,14.00,-4.00,-165.00
1171,1278,501.21,51.40,423,6.40,1,-8.00,4.00,-16036.00,68.00,-36.00,-500.00
1171,1279,499.90,51.40,423,6.40,1,100.00,172.00,-16000.00,38.00,7.00,-355.00
1171,1280,500.16,51.40,424,6.40,1,256.00,-280.00,-16132.00,59.00,-30.00,5.00
1171,1281,499.90,51.40,424,6.40,1,292.00,124.00,-16140.00,130.00,-12.00,-160.00
1171,1282,500.95,51.40,424,6.40,1,224.00,-4.00,-16048.00,108.00,-103.00,-623.00
1171,1283,501.56,51.40,423,6.40,1,580.00,-396.00,-15980.00,81.00,48.00,-396.00
1171,1284,500.95,51.40,424,6.40,1,36.00,36.00,-15884.00,91.00,-159.00,-762.00
1171,1285,500.95,51.40,423,6.40,1,428.00,-232.00,-16136.00,116.00,-1.00,60.00
1171,1286,500.16,51.40,424,6.40,1,280.00,144.00,-16132.00,63.00,-35.00,-264.00
1171,1287,500.69,51.40,422,6.40,1,328.00,216.00,-16004.00,72.00,-84.00,-691.00
1171,1288,499.72,51.40,424,6.40,1,208.00,-64.00,-15992.00,87.00,4.00,-140.00
1171,1289,500.69,51.40,424,6.40,1,424.00,-132.00,-16136.00,111.00,1.00,-226.00
1171,1290,499.72,51.40,424,6.40,1,252.00,-76.00,-16032.00,-13.00,-194.00,-94.00
1171,1291,500.16,51.40,424,6.40,1,112.00,-88.00,-16464.00,116.00,54.00,-596.00
1171,1292,499.46,51.40,424,6.40,1,588.00,-140.00,-16124.00,60.00,-95.00,-758.00
1171,1293,500.16,51.40,424,6.40,1,144.00,152.00,-15952.00,68.00,-43.00,-146.00
1171,1294,500.16,51.40,424,6.40,1,300.00,-132.00,-16068.00,56.00,-20.00,-600.00
1171,1295,500.16,51.40,424,6.40,1,332.00,120.00,-16352.00,48.00,-17.00,-104.00
1171,1296,499.72,51.40,424,6.40,1,340.00,28.00,-16244.00,86.00,-60.00,-605.00
1171,1297,500.25,51.40,424,6.40,1,436.00,232.00,-16148.00,98.00,41.00,71.00
1171,1298,500.77,51.40,424,6.40,1,352.00,-64.00,-16108.00,88.00,-28.00,53.00
1171,1299,500.77,51.40,424,6.40,1,324.00,152.00,-16308.00,54.00,-68.00,-455.00
1171,1300,499.72,51.40,424,6.40,1,348.00,52.00,-16036.00,84.00,19.00,-424.00
1171,1301,499.99,51.50,424,6.40,1,336.00,-32.00,-16164.00,82.00,-33.00,-253.00
1171,1302,499.72,51.50,424,6.40,1,384.00,8.00,-16140.00,81.00,-110.00,-303.00
1171,1303,499.72,51.50,424,6.40,1,224.00,12.00,-15940.00,70.00,-27.00,-235.00
1171,1304,500.25,51.50,424,6.40,1,288.00,84.00,-16112.00,95.00,-39.00,-321.00
1171,1305,501.30,51.50,424,6.40,1,484.00,28.00,-16108.00,66.00,-24.00,-296.00
1171,1306,499.99,51.50,424,6.40,1,88.00,-228.00,-16124.00,80.00,-48.00,-351.00
1171,1307,499.99,51.50,425,6.40,1,272.00,20.00,-16164.00,66.00,-25.00,-136.00
1171,1308,500.25,51.50,424,6.40,1,344.00,4.00,-16060.00,66.00,-92.00,-399.00
1171,1309,499.81,51.50,424,6.40,1,396.00,76.00,-16128.00,80.00,-46.00,-364.00
1171,1310,501.30,51.50,425,6.40,1,164.00,-56.00,-16064.00,35.00,-38.00,-26.00
1171,1311,499.81,51.50,424,6.40,1,368.00,136.00,-15996.00,112.00,-30.00,-344.00
1171,1312,524.21,51.50,425,6.40,1,-5756.00,7152.00,-32768.00,1106.00,701.00,-15979.00
1171,1313,640.90,51.40,425,6.40,1,7292.00,-2612.00,13036.00,-1547.00,-440.00,-32768.00
1171,1314,752.47,51.40,424,6.40,1,-2684.00,-1072.00,21336.00,-799.00,-775.00,-32768.00
1171,1315,835.99,51.40,424,6.40,1,-908.00,-1088.00,13764.00,-89.00,-464.00,-32768.00
1171,1316,904.64,51.40,424,6.40,1,596.00,-928.00,8748.00,-111.00,-666.00,-30557.00
1171,1317,963.88,51.40,424,6.40,1,540.00,-808.00,5928.00,-834.00,745.00,-25037.00
1171,1318,1003.35,51.40,423,6.40,1,216.00,-232.00,3596.00,-187.00,-488.00,-20509.00
1171,1319,1036.26,51.40,423,6.40,1,-468.00,-864.00,2120.00,-284.00,135.00,-15121.00
1171,1320,1057.18,51.40,423,6.40,1,676.00,724.00,936.00,-1704.00,432.00,-11655.00
1171,1321,1069.64,51.40,423,6.40,1,-172.00,156.00,672.00,-137.00,-3036.00,-8963.00
1171,1322,1072.69,51.50,423,6.40,1,-364.00,-788.00,800.00,4496.00,-3984.00,-6501.00
1171,1323,1066.04,51.50,423,6.40,1,120.00,188.00,1200.00,5703.00,58.00,-6042.00
1171,1324,1054.41,51.40,423,6.40,1,-4428.00,-1620.00,3516.00,-8033.00,-5666.00,-9934.00
1171,1325,1019.89,51.20,419,6.40,1,-8620.00,-12608.00,32767.0,20588.00,3469.00,-5711.00
1171,1326,1013.55,50.90,413,6.40,1,6916.00,12644.00,14248.00,22015.00,25300.00,22914.00
1171,1327,998.49,50.80,407,6.40,1,4608.00,10056.00,14728.00,16954.00,30599.00,30928.00
1171,1328,985.39,50.60,402,6.40,1,7768.00,6496.00,15648.00,11240.00,29119.00,32767.00
1171,1329,970.56,50.50,397,6.40,1,2820.00,7216.00,19216.00,-1497.00,-2507.00,-10545.00
1171,1330,958.95,50.30,393,6.40,1,8040.00,6004.00,14076.00,15775.00,20815.00,18684.00
1171,1331,945.35,50.00,389,6.40,1,5056.00,6468.00,15988.00,2286.00,2864.00,-1737.00
1171,1332,933.40,50.00,387,6.40,1,5088.00,5780.00,15984.00,3635.00,10403.00,-1633.00
1171,1333,920.56,49.80,383,6.40,1,7536.00,9328.00,15148.00,12505.00,29450.00,20112.00
1171,1334,908.46,49.60,380,6.40,1,5964.00,9140.00,11528.00,10984.00,20680.00,17871.00
1171,1335,896.56,49.50,392,6.40,1,6236.00,10212.00,11332.00,16621.00,32246.00,28472.00
1171,1336,880.04,49.30,373,6.40,1,6348.00,7088.00,15536.00,8361.00,12036.00,4602.00
1171,1341,817.59,45.00,356,6.40,4,-23516.00,6220.00,-23428.00,-32768.00,-32768.00,2905.00
1171,1342,806.96,43.20,346,6.40,4,12004.00,17844.00,-14176.00,-32768.00,-32768.00,-8749.00
1171,1343,791.76,42.40,340,6.40,4,16676.00,7424.00,-19612.00,-32768.00,-32768.00,32767.00
1171,1344,766.90,41.30,335,6.40,4,32767.00,-6688.00,-14296.00,-32768.00,-32768.00,24908.00
1171,1345,758.03,39.80,329,6.40,4,-22872.00,32767.00,15152.00,-30529.00,-32768.00,32767.00
1171,1346,746.03,38.70,325,6.40,4,-4888.00,3096.00,-19708.00,-32768.00,-32768.00,-32768.00
1171,1347,726.54,37.80,321,6.40,4,21428.00,-2452.00,-11048.00,-32768.00,-32768.00,16445.00
1171,1350,684.47,35.60,316,6.40,4,12560.00,8260.00,-24784.00,-32768.00,-32768.00,-17284.00
1171,1351,681.72,34.60,315,6.40,4,-1764.00,6644.00,272.00,-32768.00,-32768.00,32767.00
1171,1352,663.15,34.30,313,6.40,4,-6712.00,12100.00,-21700.00,-32768.00,-32768.00,-19720.00
1171,1353,645.68,33.90,313,6.40,4,28216.00,-11772.00,-29092.00,-32768.00,-32768.00,9179.00
1171,1354,637.71,33.20,312,6.40,4,10984.00,8888.00,-18004.00,-32768.00,-32768.00,32767.00
1171,1355,618.16,33.10,312,6.40,4,9900.00,19556.00,-23464.00,-32768.00,-32768.00,-32768.00
1171,1356,611.80,32.60,312,6.40,4,16596.00,-5940.00,3960.00,-10933.00,-32768.00,32767.00
1171,1357,601.74,32.10,312,6.40,4,9868.00,8404.00,-17732.00,-32768.00,-32768.00,28741.00
1171,1358,576.36,32.40,312,6.40,5,18780.00,-5092.00,-21820.00,-32768.00,-32768.00,32767.00
